<?xml version="1.0" encoding="UTF-8"?>

<!--
  ~ JBoss, Home of Professional Open Source.
  ~ Copyright 2010, Red Hat, Inc., and individual contributors
  ~ as indicated by the @author tags. See the copyright.txt file in the
  ~ distribution for a full listing of individual contributors.
  ~
  ~ This is free software; you can redistribute it and/or modify it
  ~ under the terms of the GNU Lesser General Public License as
  ~ published by the Free Software Foundation; either version 2.1 of
  ~ the License, or (at your option) any later version.
  ~
  ~ This software is distributed in the hope that it will be useful,
  ~ but WITHOUT ANY WARRANTY; without even the implied warranty of
  ~ MERCHANTABILITY or FITNESS FOR A PARTICULAR PURPOSE. See the GNU
  ~ Lesser General Public License for more details.
  ~
  ~ You should have received a copy of the GNU Lesser General Public
  ~ License along with this software; if not, write to the Free
  ~ Software Foundation, Inc., 51 Franklin St, Fifth Floor, Boston, MA
  ~ 02110-1301 USA, or see the FSF site: http://www.fsf.org.
  -->

<module xmlns="urn:jboss:module:1.1" name="org.jboss.as.server">
    <properties>
        <property name="jboss.api" value="private"/>
    </properties>

    <main-class name="org.jboss.as.server.DomainServerMain"/>

    <resources>
        <resource-root path="jboss-as-server-7.2.x.slim.incremental.19.jar"/>
        <!-- Insert resources here -->
    </resources>

    <dependencies>
        <module name="javax.api"/>
        <module name="org.jboss.staxmapper"/>
        <module name="org.jboss.common-beans" services="export"/>
        <module name="org.jboss.dmr"/>
        <module name="org.jboss.invocation"/>
        <module name="org.jboss.jandex"/>
        <module name="org.jboss.marshalling"/>
        <module name="org.jboss.marshalling.river" services="import"/>
        <module name="org.jboss.modules"/>
        <module name="org.jboss.msc" export="true"/>
        <module name="org.jboss.logging"/>
        <module name="org.jboss.logmanager" services="import"/>
        <module name="org.jboss.log4j.logmanager"/>
        <module name="org.jboss.remoting3"/>
        <module name="org.jboss.sasl"/>
        <module name="org.jboss.stdio"/>
        <module name="org.jboss.threads"/>
        <module name="org.jboss.vfs"/>
        <module name="org.jboss.as.controller"/>
        <module name="org.jboss.as.deployment-repository"/>
        <module name="org.jboss.as.domain-http-interface"/>
        <module name="org.jboss.as.domain-management"/>
        <module name="org.jboss.as.jmx" services="import"/>
        <module name="org.jboss.as.network"/>
        <module name="org.jboss.as.platform-mbean"/>
        <module name="org.jboss.as.process-controller"/>
        <module name="org.jboss.as.protocol"/>
        <module name="org.jboss.as.remoting"/>
        <module name="org.jboss.as.security" optional="true" services="import"/>
        <module name="org.jboss.as.version"/>
        <module name="org.picketbox" optional="true"/>
    </dependencies>
</module>
