<?xml version="1.0" encoding="UTF-8" standalone="no"?>
<licenseSummary>
  <dependencies>
    <dependency>
      <groupId>antlr</groupId>
      <artifactId>antlr</artifactId>
      <version>2.7.7</version>
      <licenses>
        <license>
          <name>The BSD License</name>
          <url>http://repository.jboss.org/licenses/bsd.txt</url>
          <distribution>repo</distribution>
        </license>
      </licenses>
    </dependency>
    <dependency>
      <groupId>asm</groupId>
      <artifactId>asm</artifactId>
      <version>3.3.1</version>
      <licenses>
        <license>
          <name>The BSD License</name>
          <url>http://repository.jboss.org/licenses/bsd.txt</url>
        </license>
      </licenses>
    </dependency>
    <dependency>
      <groupId>ch.qos.cal10n</groupId>
      <artifactId>cal10n-api</artifactId>
      <version>0.7.3</version>
      <licenses>
        <license>
          <name>The MIT License</name>
          <url>http://repository.jboss.org/licenses/mit.txt</url>
          <distribution>repo</distribution>
        </license>
      </licenses>
    </dependency>
    <dependency>
      <groupId>com.github.relaxng</groupId>
      <artifactId>relaxngDatatype</artifactId>
      <version>2011.1</version>
      <licenses>
        <license>
          <name>BSD</name>
          <url/>
          <distribution>repo</distribution>
        </license>
      </licenses>
    </dependency>
    <dependency>
      <groupId>com.google.guava</groupId>
      <artifactId>guava</artifactId>
      <version>13.0.1</version>
      <licenses>
        <license>
          <name>Apache Software License, Version 2.0</name>
          <url>http://repository.jboss.org/licenses/apache-2.0.txt</url>
          <distribution>repo</distribution>
        </license>
      </licenses>
    </dependency>
    <dependency>
      <groupId>com.google.protobuf</groupId>
      <artifactId>protobuf-java</artifactId>
      <version>2.5.0</version>
      <licenses>
        <license>
          <name>New BSD license</name>
          <url>http://www.opensource.org/licenses/bsd-license.php</url>
          <distribution>repo</distribution>
        </license>
      </licenses>
    </dependency>
    <dependency>
      <groupId>com.h2database</groupId>
      <artifactId>h2</artifactId>
      <version>1.3.168</version>
      <licenses>
        <license>
          <name>H2 License, Version 1.0</name>
          <url>http://repository.jboss.org/licenses/h2.txt</url>
          <distribution>repo</distribution>
        </license>
        <license>
          <name>Eclipse Public License, Version 1.0</name>
          <url>http://repository.jboss.org/licenses/epl-1.0.txt</url>
          <distribution>repo</distribution>
        </license>
      </licenses>
    </dependency>
    <dependency>
      <groupId>com.sun.codemodel</groupId>
      <artifactId>codemodel</artifactId>
      <version>2.6</version>
      <licenses>
        <license>
          <name>CDDL v1.1 / GPL v2 dual license</name>
          <url>https://glassfish.java.net/public/CDDL+GPL_1_1.html</url>
          <distribution>repo</distribution>
        </license>
      </licenses>
    </dependency>
    <dependency>
      <groupId>com.sun.istack</groupId>
      <artifactId>istack-commons-runtime</artifactId>
      <version>2.6.1</version>
      <licenses>
        <!--No license information available. -->
      </licenses>
    </dependency>
    <dependency>
      <groupId>com.sun.istack</groupId>
      <artifactId>istack-commons-tools</artifactId>
      <version>2.6.1</version>
      <licenses>
        <!--No license information available. -->
      </licenses>
    </dependency>
    <dependency>
      <groupId>com.sun.xml.bind</groupId>
      <artifactId>jaxb-impl</artifactId>
      <version>2.2.5.jboss-1</version>
      <licenses>
        <license>
          <name>Common Development and Distribution License</name>
          <url>http://repository.jboss.org/licenses/cddl.txt</url>
          <distribution>repo</distribution>
        </license>
        <license>
          <name>GNU General Public License, Version 2 with the Classpath Exception</name>
          <url>http://repository.jboss.org/licenses/gpl-2.0-ce.txt</url>
          <distribution>repo</distribution>
        </license>
      </licenses>
    </dependency>
    <dependency>
      <groupId>com.sun.xml.bind</groupId>
      <artifactId>jaxb-xjc</artifactId>
      <version>2.2.5.jboss-1</version>
      <licenses>
        <license>
          <name>Common Development and Distribution License</name>
          <url>http://repository.jboss.org/licenses/cddl.txt</url>
          <distribution>repo</distribution>
        </license>
        <license>
          <name>GNU General Public License, Version 2 with the Classpath Exception</name>
          <url>http://repository.jboss.org/licenses/gpl-2.0-ce.txt</url>
          <distribution>repo</distribution>
        </license>
      </licenses>
    </dependency>
    <dependency>
      <groupId>com.sun.xml.txw2</groupId>
      <artifactId>txw2</artifactId>
      <version>20110809</version>
      <licenses>
        <license>
          <name>CDDL v1.1 / GPL v2 dual license</name>
          <url>http://glassfish.java.net/public/CDDL+GPL_1_1.html</url>
          <distribution>repo</distribution>
        </license>
      </licenses>
    </dependency>
    <dependency>
      <groupId>com.sun.xsom</groupId>
      <artifactId>xsom</artifactId>
      <version>20110809</version>
      <licenses>
        <license>
          <name>CDDL v1.1 / GPL v2 dual license</name>
          <url>http://glassfish.java.net/public/CDDL+GPL_1_1.html</url>
          <distribution>repo</distribution>
        </license>
      </licenses>
    </dependency>
    <dependency>
      <groupId>commons-beanutils</groupId>
      <artifactId>commons-beanutils</artifactId>
      <version>1.8.3</version>
      <licenses>
        <license>
          <name>Apache Software License, Version 2.0</name>
          <url>http://repository.jboss.org/licenses/apache-2.0.txt</url>
          <distribution>repo</distribution>
        </license>
      </licenses>
    </dependency>
    <dependency>
      <groupId>commons-cli</groupId>
      <artifactId>commons-cli</artifactId>
      <version>1.2</version>
      <licenses>
        <license>
          <name>Apache Software License, Version 2.0</name>
          <url>http://repository.jboss.org/licenses/apache-2.0.txt</url>
          <distribution>repo</distribution>
        </license>
      </licenses>
    </dependency>
    <dependency>
      <groupId>commons-codec</groupId>
      <artifactId>commons-codec</artifactId>
      <version>1.4</version>
      <licenses>
        <license>
          <name>Apache Software License, Version 2.0</name>
          <url>http://repository.jboss.org/licenses/apache-2.0.txt</url>
          <distribution>repo</distribution>
        </license>
      </licenses>
    </dependency>
    <dependency>
      <groupId>commons-collections</groupId>
      <artifactId>commons-collections</artifactId>
      <version>3.2.1</version>
      <licenses>
        <license>
          <name>Apache Software License, Version 2.0</name>
          <url>http://repository.jboss.org/licenses/apache-2.0.txt</url>
          <distribution>repo</distribution>
        </license>
      </licenses>
    </dependency>
    <dependency>
      <groupId>commons-configuration</groupId>
      <artifactId>commons-configuration</artifactId>
      <version>1.6</version>
      <licenses>
        <license>
          <name>The Apache Software License, Version 2.0</name>
          <url>/LICENSE.txt</url>
        </license>
      </licenses>
    </dependency>
    <dependency>
      <groupId>commons-io</groupId>
      <artifactId>commons-io</artifactId>
      <version>2.1</version>
      <licenses>
        <license>
          <name>Apache Software License, Version 2.0</name>
          <url>http://repository.jboss.org/licenses/apache-2.0.txt</url>
          <distribution>repo</distribution>
        </license>
      </licenses>
    </dependency>
    <dependency>
      <groupId>commons-lang</groupId>
      <artifactId>commons-lang</artifactId>
      <version>2.6</version>
      <licenses>
        <license>
          <name>Apache Software License, Version 2.0</name>
          <url>http://repository.jboss.org/licenses/apache-2.0.txt</url>
          <distribution>repo</distribution>
        </license>
      </licenses>
    </dependency>
    <dependency>
      <groupId>commons-pool</groupId>
      <artifactId>commons-pool</artifactId>
      <version>1.6</version>
      <licenses>
        <license>
          <name>Apache Software License, Version 2.0</name>
          <url>http://repository.jboss.org/licenses/apache-2.0.txt</url>
          <distribution>repo</distribution>
        </license>
      </licenses>
    </dependency>
    <dependency>
      <groupId>dom4j</groupId>
      <artifactId>dom4j</artifactId>
      <version>1.6.1</version>
      <licenses>
        <license>
          <name>The BSD License</name>
          <url>http://repository.jboss.org/licenses/bsd.txt</url>
          <distribution>repo</distribution>
        </license>
      </licenses>
    </dependency>
    <dependency>
      <groupId>gnu-getopt</groupId>
      <artifactId>getopt</artifactId>
      <version>1.0.13</version>
      <licenses>
        <license>
          <name>GNU Library General Public License, Version 2</name>
          <url>http://repository.jboss.org/licenses/lgpl-2.0.txt</url>
        </license>
      </licenses>
    </dependency>
    <dependency>
      <groupId>io.netty</groupId>
      <artifactId>netty</artifactId>
      <version>3.6.2.Final</version>
      <licenses>
        <license>
          <name>Apache License, Version 2.0</name>
          <url>http://www.apache.org/licenses/LICENSE-2.0</url>
        </license>
      </licenses>
    </dependency>
    <dependency>
      <groupId>javax.activation</groupId>
      <artifactId>activation</artifactId>
      <version>1.1.1</version>
      <licenses>
        <license>
          <name>Common Development and Distribution License</name>
          <url>http://repository.jboss.org/licenses/cddl.txt</url>
          <distribution>repo</distribution>
        </license>
        <license>
          <name>GNU General Public License, Version 2 with the Classpath Exception</name>
          <url>http://repository.jboss.org/licenses/gpl-2.0-ce.txt</url>
          <distribution>repo</distribution>
        </license>
      </licenses>
    </dependency>
    <dependency>
      <groupId>javax.enterprise</groupId>
      <artifactId>cdi-api</artifactId>
      <version>1.0-SP4</version>
      <licenses>
        <license>
          <name>Apache Software License, Version 2.0</name>
          <url>http://repository.jboss.org/licenses/apache-2.0.txt</url>
          <distribution>repo</distribution>
        </license>
      </licenses>
    </dependency>
    <dependency>
      <groupId>javax.inject</groupId>
      <artifactId>javax.inject</artifactId>
      <version>1</version>
      <licenses>
        <license>
          <name>Apache Software License, Version 2.0</name>
          <url>http://repository.jboss.org/licenses/apache-2.0.txt</url>
          <distribution>repo</distribution>
        </license>
      </licenses>
    </dependency>
    <dependency>
      <groupId>javax.jws</groupId>
      <artifactId>jsr181-api</artifactId>
      <version>1.0-MR1</version>
      <licenses>
        <license>
          <name>Common Development and Distribution License</name>
          <url>http://repository.jboss.org/licenses/cddl.txt</url>
          <distribution>repo</distribution>
        </license>
        <license>
          <name>GNU General Public License, Version 2 with the Classpath Exception</name>
          <url>http://repository.jboss.org/licenses/gpl-2.0-ce.txt</url>
          <distribution>repo</distribution>
        </license>
      </licenses>
    </dependency>
    <dependency>
      <groupId>javax.mail</groupId>
      <artifactId>mail</artifactId>
      <version>1.4.5</version>
      <licenses>
        <license>
          <name>Common Development and Distribution License</name>
          <url>http://repository.jboss.org/licenses/cddl.txt</url>
          <distribution>repo</distribution>
        </license>
        <license>
          <name>GNU General Public License, Version 2 with the Classpath Exception</name>
          <url>http://repository.jboss.org/licenses/gpl-2.0-ce.txt</url>
          <distribution>repo</distribution>
        </license>
      </licenses>
    </dependency>
    <dependency>
      <groupId>javax.validation</groupId>
      <artifactId>validation-api</artifactId>
      <version>1.0.0.GA</version>
      <licenses>
        <license>
          <name>Apache Software License, Version 2.0</name>
          <url>http://repository.jboss.org/licenses/apache-2.0.txt</url>
        </license>
      </licenses>
    </dependency>
    <dependency>
      <groupId>jaxen</groupId>
      <artifactId>jaxen</artifactId>
      <version>1.1.3</version>
      <licenses>
        <license>
          <name>The Werken Company License</name>
          <url>http://jaxen.codehaus.org/license.html</url>
        </license>
      </licenses>
    </dependency>
    <dependency>
      <groupId>joda-time</groupId>
      <artifactId>joda-time</artifactId>
      <version>1.6.2</version>
      <licenses>
        <license>
          <name>Apache Software License, Version 2.0</name>
          <url>http://repository.jboss.org/licenses/apache-2.0.txt</url>
          <distribution>repo</distribution>
        </license>
      </licenses>
    </dependency>
    <dependency>
      <groupId>log4j</groupId>
      <artifactId>log4j</artifactId>
      <version>1.2.16</version>
      <licenses>
        <license>
          <name>Apache Software License, Version 2.0</name>
          <url>http://repository.jboss.org/licenses/apache-2.0.txt</url>
          <distribution>repo</distribution>
        </license>
      </licenses>
    </dependency>
    <dependency>
      <groupId>net.jcip</groupId>
      <artifactId>jcip-annotations</artifactId>
      <version>1.0</version>
      <licenses>
        <license>
          <name>Creative Commons Attribution 2.5</name>
          <url>http://repository.jboss.org/licenses/jcip-cc-by-2.5.txt</url>
          <distribution>repo</distribution>
        </license>
      </licenses>
    </dependency>
    <dependency>
      <groupId>org.apache.velocity</groupId>
      <artifactId>velocity</artifactId>
      <version>1.7</version>
      <licenses>
        <license>
          <name>Apache Software License, Version 2.0</name>
          <url>http://repository.jboss.org/licenses/apache-2.0.txt</url>
          <distribution>repo</distribution>
        </license>
      </licenses>
    </dependency>
    <dependency>
      <groupId>org.codehaus.woodstox</groupId>
      <artifactId>stax2-api</artifactId>
      <version>3.1.1</version>
      <licenses>
        <license>
          <name>The BSD License</name>
          <url>http://repository.jboss.org/licenses/bsd.txt</url>
          <distribution>repo</distribution>
        </license>
      </licenses>
    </dependency>
    <dependency>
      <groupId>org.codehaus.woodstox</groupId>
      <artifactId>woodstox-core-asl</artifactId>
      <version>4.1.1</version>
      <licenses>
        <license>
          <name>Apache Software License, Version 2.0</name>
          <url>http://repository.jboss.org/licenses/apache-2.0.txt</url>
          <distribution>repo</distribution>
        </license>
      </licenses>
    </dependency>
    <dependency>
      <groupId>org.eclipse.jdt.core.compiler</groupId>
      <artifactId>ecj</artifactId>
      <version>3.7.2</version>
      <licenses>
        <license>
          <name>Eclipse Public License v1.0</name>
          <url>http://www.eclipse.org/org/documents/epl-v10.php</url>
          <distribution>repo</distribution>
        </license>
      </licenses>
    </dependency>
    <dependency>
      <groupId>org.fusesource.jansi</groupId>
      <artifactId>jansi</artifactId>
      <version>1.8</version>
      <licenses>
        <license>
          <name>The Apache Software License, Version 2.0</name>
          <url>http://www.apache.org/licenses/LICENSE-2.0.txt</url>
          <distribution>repo</distribution>
        </license>
      </licenses>
    </dependency>
    <dependency>
      <groupId>org.hibernate</groupId>
      <artifactId>hibernate-core</artifactId>
      <version>4.2.0.CR1</version>
      <licenses>
        <license>
          <name>GNU Lesser General Public License, Version 2.1</name>
          <url>http://repository.jboss.org/licenses/lgpl-2.1.txt</url>
          <distribution>repo</distribution>
          <comments>See discussion at http://hibernate.org/license for more details.</comments>
        </license>
      </licenses>
    </dependency>
    <dependency>
      <groupId>org.hibernate</groupId>
      <artifactId>hibernate-entitymanager</artifactId>
      <version>4.2.0.CR1</version>
      <licenses>
        <license>
          <name>GNU Lesser General Public License, Version 2.1</name>
          <url>http://repository.jboss.org/licenses/lgpl-2.1.txt</url>
          <distribution>repo</distribution>
          <comments>See discussion at http://hibernate.org/license for more details.</comments>
        </license>
      </licenses>
    </dependency>
    <dependency>
      <groupId>org.hibernate</groupId>
      <artifactId>hibernate-envers</artifactId>
      <version>4.2.0.CR1</version>
      <licenses>
        <license>
          <name>GNU Lesser General Public License, Version 2.1</name>
          <url>http://repository.jboss.org/licenses/lgpl-2.1.txt</url>
          <distribution>repo</distribution>
          <comments>See discussion at http://hibernate.org/license for more details.</comments>
        </license>
      </licenses>
    </dependency>
    <dependency>
      <groupId>org.hibernate</groupId>
      <artifactId>hibernate-infinispan</artifactId>
      <version>4.2.0.CR1</version>
      <licenses>
        <license>
          <name>GNU Lesser General Public License, Version 2.1</name>
          <url>http://repository.jboss.org/licenses/lgpl-2.1.txt</url>
          <distribution>repo</distribution>
          <comments>See discussion at http://hibernate.org/license for more details.</comments>
        </license>
      </licenses>
    </dependency>
    <dependency>
      <groupId>org.hibernate</groupId>
      <artifactId>hibernate-validator</artifactId>
      <version>4.3.1.Final</version>
      <licenses>
        <license>
          <name>Apache Software License, Version 2.0</name>
          <url>http://repository.jboss.org/licenses/apache-2.0.txt</url>
        </license>
      </licenses>
    </dependency>
    <dependency>
      <groupId>org.hibernate.common</groupId>
      <artifactId>hibernate-commons-annotations</artifactId>
      <version>4.0.1.Final</version>
      <licenses>
        <license>
          <name>GNU Lesser General Public License, Version 2.1</name>
          <url>http://repository.jboss.org/licenses/lgpl-2.1.txt</url>
        </license>
      </licenses>
    </dependency>
    <dependency>
      <groupId>org.hibernate.javax.persistence</groupId>
      <artifactId>hibernate-jpa-2.0-api</artifactId>
      <version>1.0.1.Final</version>
      <licenses>
        <license>
          <name>Eclipse Public License, Version 1.0</name>
          <url>http://repository.jboss.org/licenses/epl-1.0.txt</url>
          <distribution>repo</distribution>
        </license>
        <license>
          <name>Eclipse Distribution License, Version 1.0</name>
          <url>http://repository.jboss.org/licenses/edl-1.0.txt</url>
          <distribution>repo</distribution>
        </license>
      </licenses>
    </dependency>
    <dependency>
      <groupId>org.hornetq</groupId>
      <artifactId>hornetq-commons</artifactId>
      <version>2.3.1.Final</version>
      <licenses>
        <license>
          <name>ASL 2.0</name>
          <url>http://www.apache.org/licenses/LICENSE-2.0.txt</url>
          <distribution>repo</distribution>
        </license>
      </licenses>
    </dependency>
    <dependency>
      <groupId>org.hornetq</groupId>
      <artifactId>hornetq-core-client</artifactId>
      <version>2.3.1.Final</version>
      <licenses>
        <license>
          <name>Apache Software License, Version 2.0</name>
          <url>http://repository.jboss.org/licenses/apache-2.0.txt</url>
          <distribution>repo</distribution>
        </license>
      </licenses>
    </dependency>
    <dependency>
      <groupId>org.hornetq</groupId>
      <artifactId>hornetq-jms-client</artifactId>
      <version>2.3.1.Final</version>
      <licenses>
        <license>
          <name>Apache Software License, Version 2.0</name>
          <url>http://repository.jboss.org/licenses/apache-2.0.txt</url>
          <distribution>repo</distribution>
        </license>
      </licenses>
    </dependency>
    <dependency>
      <groupId>org.hornetq</groupId>
      <artifactId>hornetq-jms-server</artifactId>
      <version>2.3.1.Final</version>
      <licenses>
        <license>
          <name>Apache Software License, Version 2.0</name>
          <url>http://repository.jboss.org/licenses/apache-2.0.txt</url>
          <distribution>repo</distribution>
        </license>
      </licenses>
    </dependency>
    <dependency>
      <groupId>org.hornetq</groupId>
      <artifactId>hornetq-journal</artifactId>
      <version>2.3.1.Final</version>
      <licenses>
        <license>
          <name>ASL 2.0</name>
          <url>http://www.apache.org/licenses/LICENSE-2.0.txt</url>
          <distribution>repo</distribution>
        </license>
      </licenses>
    </dependency>
    <dependency>
      <groupId>org.hornetq</groupId>
      <artifactId>hornetq-ra</artifactId>
      <version>2.3.1.Final</version>
      <licenses>
        <license>
          <name>Apache Software License, Version 2.0</name>
          <url>http://repository.jboss.org/licenses/apache-2.0.txt</url>
          <distribution>repo</distribution>
        </license>
      </licenses>
    </dependency>
    <dependency>
      <groupId>org.hornetq</groupId>
      <artifactId>hornetq-server</artifactId>
      <version>2.3.1.Final</version>
      <licenses>
        <license>
          <name>Apache Software License, Version 2.0</name>
          <url>http://repository.jboss.org/licenses/apache-2.0.txt</url>
          <distribution>repo</distribution>
        </license>
      </licenses>
    </dependency>
    <dependency>
      <groupId>org.infinispan</groupId>
      <artifactId>infinispan-cachestore-jdbc</artifactId>
      <version>6.0.0.Final</version>
      <licenses>
        <license>
          <name>GNU Lesser General Public License</name>
          <url>http://repository.jboss.org/licenses/lgpl-2.1.txt</url>
          <distribution>repo</distribution>
        </license>
      </licenses>
    </dependency>
    <dependency>
      <groupId>org.infinispan</groupId>
      <artifactId>infinispan-cachestore-remote</artifactId>
      <version>6.0.0.Final</version>
      <licenses>
        <license>
          <name>GNU Lesser General Public License</name>
          <url>http://repository.jboss.org/licenses/lgpl-2.1.txt</url>
          <distribution>repo</distribution>
        </license>
      </licenses>
    </dependency>
    <dependency>
      <groupId>org.infinispan</groupId>
      <artifactId>infinispan-client-hotrod</artifactId>
      <version>6.0.0.Final</version>
      <licenses>
        <license>
          <name>GNU Lesser General Public License</name>
          <url>http://repository.jboss.org/licenses/lgpl-2.1.txt</url>
          <distribution>repo</distribution>
        </license>
      </licenses>
    </dependency>
    <dependency>
      <groupId>org.infinispan</groupId>
      <artifactId>infinispan-commons</artifactId>
      <version>6.0.0.Final</version>
      <licenses>
        <license>
          <name>Apache License</name>
          <url>http://www.apache.org/licenses/LICENSE-2.0</url>
          <distribution>repo</distribution>
        </license>
      </licenses>
    </dependency>
    <dependency>
      <groupId>org.infinispan</groupId>
      <artifactId>infinispan-core</artifactId>
      <version>6.0.0.Final</version>
      <licenses>
        <license>
          <name>GNU Lesser General Public License, Version 2.1</name>
          <url>http://repository.jboss.org/licenses/lgpl-2.1.txt</url>
          <distribution>repo</distribution>
        </license>
      </licenses>
    </dependency>
    <dependency>
      <groupId>org.infinispan</groupId>
      <artifactId>infinispan-query-dsl</artifactId>
      <version>6.0.0.Final</version>
      <licenses>
        <license>
          <name>Apache License</name>
          <url>http://www.apache.org/licenses/LICENSE-2.0</url>
          <distribution>repo</distribution>
        </license>
      </licenses>
    </dependency>
    <dependency>
      <groupId>org.infinispan</groupId>
      <artifactId>infinispan-remote-query-client</artifactId>
      <version>6.0.0.Final</version>
      <licenses>
        <license>
          <name>Apache License</name>
          <url>http://www.apache.org/licenses/LICENSE-2.0</url>
          <distribution>repo</distribution>
        </license>
      </licenses>
    </dependency>
    <dependency>
      <groupId>org.infinispan.protostream</groupId>
      <artifactId>protostream</artifactId>
      <version>1.0.0.CR1</version>
      <licenses>
        <license>
          <name>Apache License</name>
          <url>http://www.apache.org/licenses/LICENSE-2.0</url>
          <distribution>repo</distribution>
        </license>
      </licenses>
    </dependency>
    <dependency>
      <groupId>org.javassist</groupId>
      <artifactId>javassist</artifactId>
      <version>3.15.0-GA</version>
      <licenses>
        <license>
          <name>Mozilla Public License, Version 1.1</name>
          <url>http://repository.jboss.org/licenses/mpl-1.1.txt</url>
        </license>
        <license>
          <name>GNU Lesser General Public License, Version 2.1</name>
          <url>http://repository.jboss.org/licenses/lgpl-2.1.txt</url>
        </license>
      </licenses>
    </dependency>
    <dependency>
      <groupId>org.jboss</groupId>
      <artifactId>jandex</artifactId>
      <version>1.0.3.Final</version>
      <licenses>
        <license>
          <name>GNU Lesser General Public License, Version 2.1</name>
          <url>http://repository.jboss.org/licenses/lgpl-2.1.txt</url>
        </license>
      </licenses>
    </dependency>
    <dependency>
      <groupId>org.jboss</groupId>
      <artifactId>jboss-common-core</artifactId>
      <version>2.2.17.GA</version>
      <licenses>
        <license>
          <name>GNU Lesser General Public License, Version 2.1</name>
          <url>http://repository.jboss.org/licenses/lgpl-2.1.txt</url>
        </license>
      </licenses>
    </dependency>
    <dependency>
      <groupId>org.jboss</groupId>
      <artifactId>jboss-dmr</artifactId>
      <version>1.1.6.Final</version>
      <licenses>
        <license>
          <name>GNU Lesser General Public License, Version 2.1</name>
          <url>http://repository.jboss.org/licenses/lgpl-2.1.txt</url>
        </license>
      </licenses>
    </dependency>
    <dependency>
      <groupId>org.jboss</groupId>
      <artifactId>jboss-ejb-client</artifactId>
      <version>1.0.0.Final</version>
      <licenses>
        <license>
          <name>GNU Lesser General Public License, Version 2.1</name>
          <url>http://repository.jboss.org/licenses/lgpl-2.1.txt</url>
        </license>
      </licenses>
    </dependency>
    <dependency>
      <groupId>org.jboss</groupId>
      <artifactId>jboss-iiop-client</artifactId>
      <version>1.0.0.Final</version>
      <licenses>
        <license>
          <name>GNU Lesser General Public License, Version 2.1</name>
          <url>http://repository.jboss.org/licenses/lgpl-2.1.txt</url>
        </license>
      </licenses>
    </dependency>
    <dependency>
      <groupId>org.jboss</groupId>
      <artifactId>jboss-remote-naming</artifactId>
      <version>1.0.5.Final</version>
      <licenses>
        <license>
          <name>Public Domain</name>
          <distribution>repo</distribution>
        </license>
      </licenses>
    </dependency>
    <dependency>
      <groupId>org.jboss</groupId>
      <artifactId>jboss-transaction-spi</artifactId>
      <version>7.0.0.Final</version>
      <licenses>
        <license>
          <name>GNU Lesser General Public License, Version 2.1</name>
          <url>http://repository.jboss.org/licenses/lgpl-2.1.txt</url>
        </license>
      </licenses>
    </dependency>
    <dependency>
      <groupId>org.jboss</groupId>
      <artifactId>jboss-vfs</artifactId>
      <version>3.1.0.Final</version>
      <licenses>
        <license>
          <name>GNU Lesser General Public License, Version 2.1</name>
          <url>http://repository.jboss.org/licenses/lgpl-2.1.txt</url>
        </license>
      </licenses>
    </dependency>
    <dependency>
      <groupId>org.jboss</groupId>
      <artifactId>staxmapper</artifactId>
      <version>1.1.0.Final</version>
      <licenses>
        <license>
          <name>GNU Lesser General Public License, Version 2.1</name>
          <url>http://repository.jboss.org/licenses/lgpl-2.1.txt</url>
        </license>
      </licenses>
    </dependency>
    <dependency>
      <groupId>org.jboss.aesh</groupId>
      <artifactId>aesh</artifactId>
      <version>0.27</version>
      <licenses>
        <license>
          <name>Eclipse License, Version 1.0</name>
          <url>http://www.eclipse.org/legal/epl-v10.html</url>
        </license>
      </licenses>
    </dependency>
    <dependency>
      <groupId>org.jboss.as</groupId>
      <artifactId>jboss-as-build-config</artifactId>
      <version>7.2.x.slim.incremental.19</version>
      <licenses>
        <license>
          <name>GNU Lesser General Public License, Version 2.1</name>
          <url>http://repository.jboss.org/licenses/lgpl-2.1.txt</url>
          <distribution>repo</distribution>
        </license>
      </licenses>
    </dependency>
    <dependency>
      <groupId>org.jboss.as</groupId>
      <artifactId>jboss-as-cli</artifactId>
      <version>7.2.x.slim.incremental.19</version>
      <licenses>
        <license>
          <name>GNU Lesser General Public License, Version 2.1</name>
          <url>http://repository.jboss.org/licenses/lgpl-2.1.txt</url>
          <distribution>repo</distribution>
        </license>
      </licenses>
    </dependency>
    <dependency>
      <groupId>org.jboss.as</groupId>
      <artifactId>jboss-as-client-all</artifactId>
      <version>7.2.x.slim.incremental.19</version>
      <licenses>
        <license>
          <name>GNU Lesser General Public License, Version 2.1</name>
          <url>http://repository.jboss.org/licenses/lgpl-2.1.txt</url>
          <distribution>repo</distribution>
        </license>
      </licenses>
    </dependency>
    <dependency>
      <groupId>org.jboss.as</groupId>
      <artifactId>jboss-as-clustering-api</artifactId>
      <version>7.2.x.slim.incremental.19</version>
      <licenses>
        <license>
          <name>GNU Lesser General Public License, Version 2.1</name>
          <url>http://repository.jboss.org/licenses/lgpl-2.1.txt</url>
          <distribution>repo</distribution>
        </license>
      </licenses>
    </dependency>
    <dependency>
      <groupId>org.jboss.as</groupId>
      <artifactId>jboss-as-clustering-common</artifactId>
      <version>7.2.x.slim.incremental.19</version>
      <licenses>
        <license>
          <name>GNU Lesser General Public License, Version 2.1</name>
          <url>http://repository.jboss.org/licenses/lgpl-2.1.txt</url>
          <distribution>repo</distribution>
        </license>
      </licenses>
    </dependency>
    <dependency>
      <groupId>org.jboss.as</groupId>
      <artifactId>jboss-as-clustering-impl</artifactId>
      <version>7.2.x.slim.incremental.19</version>
      <licenses>
        <license>
          <name>GNU Lesser General Public License, Version 2.1</name>
          <url>http://repository.jboss.org/licenses/lgpl-2.1.txt</url>
          <distribution>repo</distribution>
        </license>
      </licenses>
    </dependency>
    <dependency>
      <groupId>org.jboss.as</groupId>
      <artifactId>jboss-as-clustering-infinispan</artifactId>
      <version>7.2.x.slim.incremental.19</version>
      <licenses>
        <license>
          <name>GNU Lesser General Public License, Version 2.1</name>
          <url>http://repository.jboss.org/licenses/lgpl-2.1.txt</url>
          <distribution>repo</distribution>
        </license>
      </licenses>
    </dependency>
    <dependency>
      <groupId>org.jboss.as</groupId>
      <artifactId>jboss-as-clustering-jgroups</artifactId>
      <version>7.2.x.slim.incremental.19</version>
      <licenses>
        <license>
          <name>GNU Lesser General Public License, Version 2.1</name>
          <url>http://repository.jboss.org/licenses/lgpl-2.1.txt</url>
          <distribution>repo</distribution>
        </license>
      </licenses>
    </dependency>
    <dependency>
      <groupId>org.jboss.as</groupId>
      <artifactId>jboss-as-clustering-registry</artifactId>
      <version>7.2.x.slim.incremental.19</version>
      <licenses>
        <license>
          <name>GNU Lesser General Public License, Version 2.1</name>
          <url>http://repository.jboss.org/licenses/lgpl-2.1.txt</url>
          <distribution>repo</distribution>
        </license>
      </licenses>
    </dependency>
    <dependency>
      <groupId>org.jboss.as</groupId>
      <artifactId>jboss-as-clustering-service</artifactId>
      <version>7.2.x.slim.incremental.19</version>
      <licenses>
        <license>
          <name>GNU Lesser General Public License, Version 2.1</name>
          <url>http://repository.jboss.org/licenses/lgpl-2.1.txt</url>
          <distribution>repo</distribution>
        </license>
      </licenses>
    </dependency>
    <dependency>
      <groupId>org.jboss.as</groupId>
      <artifactId>jboss-as-clustering-singleton</artifactId>
      <version>7.2.x.slim.incremental.19</version>
      <licenses>
        <license>
          <name>GNU Lesser General Public License, Version 2.1</name>
          <url>http://repository.jboss.org/licenses/lgpl-2.1.txt</url>
          <distribution>repo</distribution>
        </license>
      </licenses>
    </dependency>
    <dependency>
      <groupId>org.jboss.as</groupId>
      <artifactId>jboss-as-clustering-web-infinispan</artifactId>
      <version>7.2.x.slim.incremental.19</version>
      <licenses>
        <license>
          <name>GNU Lesser General Public License, Version 2.1</name>
          <url>http://repository.jboss.org/licenses/lgpl-2.1.txt</url>
          <distribution>repo</distribution>
        </license>
      </licenses>
    </dependency>
    <dependency>
      <groupId>org.jboss.as</groupId>
      <artifactId>jboss-as-clustering-web-spi</artifactId>
      <version>7.2.x.slim.incremental.19</version>
      <licenses>
        <license>
          <name>GNU Lesser General Public License, Version 2.1</name>
          <url>http://repository.jboss.org/licenses/lgpl-2.1.txt</url>
          <distribution>repo</distribution>
        </license>
      </licenses>
    </dependency>
    <dependency>
      <groupId>org.jboss.as</groupId>
      <artifactId>jboss-as-config-assembly</artifactId>
      <version>7.2.x.slim.incremental.19</version>
      <licenses>
        <license>
          <name>GNU Lesser General Public License, Version 2.1</name>
          <url>http://repository.jboss.org/licenses/lgpl-2.1.txt</url>
          <distribution>repo</distribution>
        </license>
      </licenses>
    </dependency>
    <dependency>
      <groupId>org.jboss.as</groupId>
      <artifactId>jboss-as-connector</artifactId>
      <version>7.2.x.slim.incremental.19</version>
      <licenses>
        <license>
          <name>GNU Lesser General Public License, Version 2.1</name>
          <url>http://repository.jboss.org/licenses/lgpl-2.1.txt</url>
          <distribution>repo</distribution>
        </license>
      </licenses>
    </dependency>
    <dependency>
      <groupId>org.jboss.as</groupId>
      <artifactId>jboss-as-console</artifactId>
      <version>1.5.1.Final</version>
      <licenses>
        <license>
          <name>GNU Lesser General Public License, Version 2.1</name>
          <url>http://repository.jboss.org/licenses/lgpl-2.1.txt</url>
        </license>
      </licenses>
    </dependency>
    <dependency>
      <groupId>org.jboss.as</groupId>
      <artifactId>jboss-as-console-resources</artifactId>
      <version>1.5.1.Final</version>
      <licenses>
        <license>
          <name>lgpl</name>
          <url>http://repository.jboss.com/licenses/lgpl.txt</url>
        </license>
      </licenses>
    </dependency>
    <dependency>
      <groupId>org.jboss.as</groupId>
      <artifactId>jboss-as-controller</artifactId>
      <version>7.2.x.slim.incremental.19</version>
      <licenses>
        <license>
          <name>GNU Lesser General Public License, Version 2.1</name>
          <url>http://repository.jboss.org/licenses/lgpl-2.1.txt</url>
          <distribution>repo</distribution>
        </license>
      </licenses>
    </dependency>
    <dependency>
      <groupId>org.jboss.as</groupId>
      <artifactId>jboss-as-controller-client</artifactId>
      <version>7.2.x.slim.incremental.19</version>
      <licenses>
        <license>
          <name>GNU Lesser General Public License, Version 2.1</name>
          <url>http://repository.jboss.org/licenses/lgpl-2.1.txt</url>
          <distribution>repo</distribution>
        </license>
      </licenses>
    </dependency>
    <dependency>
      <groupId>org.jboss.as</groupId>
      <artifactId>jboss-as-deployment-repository</artifactId>
      <version>7.2.x.slim.incremental.19</version>
      <licenses>
        <license>
          <name>GNU Lesser General Public License, Version 2.1</name>
          <url>http://repository.jboss.org/licenses/lgpl-2.1.txt</url>
          <distribution>repo</distribution>
        </license>
      </licenses>
    </dependency>
    <dependency>
      <groupId>org.jboss.as</groupId>
      <artifactId>jboss-as-deployment-scanner</artifactId>
      <version>7.2.x.slim.incremental.19</version>
      <licenses>
        <license>
          <name>GNU Lesser General Public License, Version 2.1</name>
          <url>http://repository.jboss.org/licenses/lgpl-2.1.txt</url>
          <distribution>repo</distribution>
        </license>
      </licenses>
    </dependency>
    <dependency>
      <groupId>org.jboss.as</groupId>
      <artifactId>jboss-as-domain-http-error-context</artifactId>
      <version>7.2.x.slim.incremental.19</version>
      <licenses>
        <license>
          <name>GNU Lesser General Public License, Version 2.1</name>
          <url>http://repository.jboss.org/licenses/lgpl-2.1.txt</url>
          <distribution>repo</distribution>
        </license>
      </licenses>
    </dependency>
    <dependency>
      <groupId>org.jboss.as</groupId>
      <artifactId>jboss-as-domain-http-interface</artifactId>
      <version>7.2.x.slim.incremental.19</version>
      <licenses>
        <license>
          <name>GNU Lesser General Public License, Version 2.1</name>
          <url>http://repository.jboss.org/licenses/lgpl-2.1.txt</url>
          <distribution>repo</distribution>
        </license>
      </licenses>
    </dependency>
    <dependency>
      <groupId>org.jboss.as</groupId>
      <artifactId>jboss-as-domain-management</artifactId>
      <version>7.2.x.slim.incremental.19</version>
      <licenses>
        <license>
          <name>GNU Lesser General Public License, Version 2.1</name>
          <url>http://repository.jboss.org/licenses/lgpl-2.1.txt</url>
          <distribution>repo</distribution>
        </license>
      </licenses>
    </dependency>
    <dependency>
      <groupId>org.jboss.as</groupId>
      <artifactId>jboss-as-ee</artifactId>
      <version>7.2.x.slim.incremental.19</version>
      <licenses>
        <license>
          <name>GNU Lesser General Public License, Version 2.1</name>
          <url>http://repository.jboss.org/licenses/lgpl-2.1.txt</url>
          <distribution>repo</distribution>
        </license>
      </licenses>
    </dependency>
    <dependency>
      <groupId>org.jboss.as</groupId>
      <artifactId>jboss-as-ee-deployment</artifactId>
      <version>7.2.x.slim.incremental.19</version>
      <licenses>
        <license>
          <name>GNU Lesser General Public License, Version 2.1</name>
          <url>http://repository.jboss.org/licenses/lgpl-2.1.txt</url>
          <distribution>repo</distribution>
        </license>
      </licenses>
    </dependency>
    <dependency>
      <groupId>org.jboss.as</groupId>
      <artifactId>jboss-as-host-controller</artifactId>
      <version>7.2.x.slim.incremental.19</version>
      <licenses>
        <license>
          <name>GNU Lesser General Public License, Version 2.1</name>
          <url>http://repository.jboss.org/licenses/lgpl-2.1.txt</url>
          <distribution>repo</distribution>
        </license>
      </licenses>
    </dependency>
    <dependency>
      <groupId>org.jboss.as</groupId>
      <artifactId>jboss-as-jms-client-bom</artifactId>
      <version>7.2.x.slim.incremental.19</version>
      <licenses>
        <license>
          <name>GNU Lesser General Public License, Version 2.1</name>
          <url>http://repository.jboss.org/licenses/lgpl-2.1.txt</url>
          <distribution>repo</distribution>
        </license>
      </licenses>
    </dependency>
    <dependency>
      <groupId>org.jboss.as</groupId>
      <artifactId>jboss-as-jmx</artifactId>
      <version>7.2.x.slim.incremental.19</version>
      <licenses>
        <license>
          <name>GNU Lesser General Public License, Version 2.1</name>
          <url>http://repository.jboss.org/licenses/lgpl-2.1.txt</url>
          <distribution>repo</distribution>
        </license>
      </licenses>
    </dependency>
    <dependency>
      <groupId>org.jboss.as</groupId>
      <artifactId>jboss-as-logging</artifactId>
      <version>7.2.x.slim.incremental.19</version>
      <licenses>
        <license>
          <name>GNU Lesser General Public License, Version 2.1</name>
          <url>http://repository.jboss.org/licenses/lgpl-2.1.txt</url>
          <distribution>repo</distribution>
        </license>
      </licenses>
    </dependency>
    <dependency>
      <groupId>org.jboss.as</groupId>
      <artifactId>jboss-as-management-client-content</artifactId>
      <version>7.2.x.slim.incremental.19</version>
      <licenses>
        <license>
          <name>GNU Lesser General Public License, Version 2.1</name>
          <url>http://repository.jboss.org/licenses/lgpl-2.1.txt</url>
          <distribution>repo</distribution>
        </license>
      </licenses>
    </dependency>
    <dependency>
      <groupId>org.jboss.as</groupId>
      <artifactId>jboss-as-messaging</artifactId>
      <version>7.2.x.slim.incremental.19</version>
      <licenses>
        <license>
          <name>GNU Lesser General Public License, Version 2.1</name>
          <url>http://repository.jboss.org/licenses/lgpl-2.1.txt</url>
          <distribution>repo</distribution>
        </license>
      </licenses>
    </dependency>
    <dependency>
      <groupId>org.jboss.as</groupId>
      <artifactId>jboss-as-modcluster</artifactId>
      <version>7.2.x.slim.incremental.19</version>
      <licenses>
        <license>
          <name>GNU Lesser General Public License, Version 2.1</name>
          <url>http://repository.jboss.org/licenses/lgpl-2.1.txt</url>
          <distribution>repo</distribution>
        </license>
      </licenses>
    </dependency>
    <dependency>
      <groupId>org.jboss.as</groupId>
      <artifactId>jboss-as-naming</artifactId>
      <version>7.2.x.slim.incremental.19</version>
      <licenses>
        <license>
          <name>GNU Lesser General Public License, Version 2.1</name>
          <url>http://repository.jboss.org/licenses/lgpl-2.1.txt</url>
          <distribution>repo</distribution>
        </license>
      </licenses>
    </dependency>
    <dependency>
      <groupId>org.jboss.as</groupId>
      <artifactId>jboss-as-network</artifactId>
      <version>7.2.x.slim.incremental.19</version>
      <licenses>
        <license>
          <name>GNU Lesser General Public License, Version 2.1</name>
          <url>http://repository.jboss.org/licenses/lgpl-2.1.txt</url>
          <distribution>repo</distribution>
        </license>
      </licenses>
    </dependency>
    <dependency>
      <groupId>org.jboss.as</groupId>
      <artifactId>jboss-as-platform-mbean</artifactId>
      <version>7.2.x.slim.incremental.19</version>
      <licenses>
        <license>
          <name>GNU Lesser General Public License, Version 2.1</name>
          <url>http://repository.jboss.org/licenses/lgpl-2.1.txt</url>
          <distribution>repo</distribution>
        </license>
      </licenses>
    </dependency>
    <dependency>
      <groupId>org.jboss.as</groupId>
      <artifactId>jboss-as-process-controller</artifactId>
      <version>7.2.x.slim.incremental.19</version>
      <licenses>
        <license>
          <name>GNU Lesser General Public License, Version 2.1</name>
          <url>http://repository.jboss.org/licenses/lgpl-2.1.txt</url>
          <distribution>repo</distribution>
        </license>
      </licenses>
    </dependency>
    <dependency>
      <groupId>org.jboss.as</groupId>
      <artifactId>jboss-as-protocol</artifactId>
      <version>7.2.x.slim.incremental.19</version>
      <licenses>
        <license>
          <name>GNU Lesser General Public License, Version 2.1</name>
          <url>http://repository.jboss.org/licenses/lgpl-2.1.txt</url>
          <distribution>repo</distribution>
        </license>
      </licenses>
    </dependency>
    <dependency>
      <groupId>org.jboss.as</groupId>
      <artifactId>jboss-as-remoting</artifactId>
      <version>7.2.x.slim.incremental.19</version>
      <licenses>
        <license>
          <name>GNU Lesser General Public License, Version 2.1</name>
          <url>http://repository.jboss.org/licenses/lgpl-2.1.txt</url>
          <distribution>repo</distribution>
        </license>
      </licenses>
    </dependency>
    <dependency>
      <groupId>org.jboss.as</groupId>
      <artifactId>jboss-as-security</artifactId>
      <version>7.2.x.slim.incremental.19</version>
      <licenses>
        <license>
          <name>GNU Lesser General Public License, Version 2.1</name>
          <url>http://repository.jboss.org/licenses/lgpl-2.1.txt</url>
          <distribution>repo</distribution>
        </license>
      </licenses>
    </dependency>
    <dependency>
      <groupId>org.jboss.as</groupId>
      <artifactId>jboss-as-server</artifactId>
      <version>7.2.x.slim.incremental.19</version>
      <licenses>
        <license>
          <name>GNU Lesser General Public License, Version 2.1</name>
          <url>http://repository.jboss.org/licenses/lgpl-2.1.txt</url>
          <distribution>repo</distribution>
        </license>
      </licenses>
    </dependency>
    <dependency>
      <groupId>org.jboss.as</groupId>
      <artifactId>jboss-as-system-jmx</artifactId>
      <version>7.2.x.slim.incremental.19</version>
      <licenses>
        <license>
          <name>lgpl</name>
          <url>http://repository.jboss.org/licenses/lgpl-2.1.txt</url>
          <distribution>repo</distribution>
        </license>
      </licenses>
    </dependency>
    <dependency>
      <groupId>org.jboss.as</groupId>
      <artifactId>jboss-as-threads</artifactId>
      <version>7.2.x.slim.incremental.19</version>
      <licenses>
        <license>
          <name>GNU Lesser General Public License, Version 2.1</name>
          <url>http://repository.jboss.org/licenses/lgpl-2.1.txt</url>
          <distribution>repo</distribution>
        </license>
      </licenses>
    </dependency>
    <dependency>
      <groupId>org.jboss.as</groupId>
      <artifactId>jboss-as-transactions</artifactId>
      <version>7.2.x.slim.incremental.19</version>
      <licenses>
        <license>
          <name>GNU Lesser General Public License, Version 2.1</name>
          <url>http://repository.jboss.org/licenses/lgpl-2.1.txt</url>
          <distribution>repo</distribution>
        </license>
      </licenses>
    </dependency>
    <dependency>
      <groupId>org.jboss.as</groupId>
      <artifactId>jboss-as-version</artifactId>
      <version>7.2.x.slim.incremental.19</version>
      <licenses>
        <license>
          <name>lgpl</name>
          <url>http://repository.jboss.org/licenses/lgpl-2.1.txt</url>
          <distribution>repo</distribution>
        </license>
      </licenses>
    </dependency>
    <dependency>
      <groupId>org.jboss.as</groupId>
      <artifactId>jboss-as-web</artifactId>
      <version>7.2.x.slim.incremental.19</version>
      <licenses>
        <license>
          <name>GNU Lesser General Public License, Version 2.1</name>
          <url>http://repository.jboss.org/licenses/lgpl-2.1.txt</url>
          <distribution>repo</distribution>
        </license>
      </licenses>
    </dependency>
    <dependency>
      <groupId>org.jboss.as</groupId>
      <artifactId>jbossweb-native</artifactId>
      <version>2.0.10.Final</version>
      <licenses>
        <license>
          <name>GNU Lesser General Public License, Version 2.1</name>
          <url>http://repository.jboss.org/licenses/lgpl-2.1.txt</url>
        </license>
      </licenses>
    </dependency>
    <dependency>
      <groupId>org.jboss.classfilewriter</groupId>
      <artifactId>jboss-classfilewriter</artifactId>
      <version>1.0.3.Final</version>
      <licenses>
        <license>
          <name>GNU Lesser General Public License, Version 2.1</name>
          <url>http://repository.jboss.org/licenses/lgpl-2.1.txt</url>
        </license>
      </licenses>
    </dependency>
    <dependency>
      <groupId>org.jboss.com.sun.httpserver</groupId>
      <artifactId>httpserver</artifactId>
      <version>1.0.1.Final</version>
      <licenses>
        <license>
          <name>GNU General Public License, Version 2</name>
          <url>http://repository.jboss.org/licenses/gpl-2.0.txt</url>
        </license>
      </licenses>
    </dependency>
    <dependency>
      <groupId>org.jboss.common</groupId>
      <artifactId>jboss-common-beans</artifactId>
      <version>1.1.0.Final</version>
      <licenses>
        <license>
          <name>lgpl</name>
          <url>http://repository.jboss.org/licenses/lgpl-2.1.txt</url>
          <distribution>repo</distribution>
        </license>
      </licenses>
    </dependency>
    <dependency>
      <groupId>org.jboss.invocation</groupId>
      <artifactId>jboss-invocation</artifactId>
      <version>1.1.1.Final</version>
      <licenses>
        <license>
          <name>GNU Lesser General Public License, Version 2.1</name>
          <url>http://repository.jboss.org/licenses/lgpl-2.1.txt</url>
        </license>
      </licenses>
    </dependency>
    <dependency>
      <groupId>org.jboss.ironjacamar</groupId>
      <artifactId>ironjacamar-common-api</artifactId>
      <version>1.0.15.Final</version>
      <licenses>
        <license>
          <name>GNU Lesser General Public License, Version 2.1</name>
          <url>http://repository.jboss.org/licenses/lgpl-2.1.txt</url>
        </license>
      </licenses>
    </dependency>
    <dependency>
      <groupId>org.jboss.ironjacamar</groupId>
      <artifactId>ironjacamar-common-impl</artifactId>
      <version>1.0.15.Final</version>
      <licenses>
        <license>
          <name>GNU Lesser General Public License, Version 2.1</name>
          <url>http://repository.jboss.org/licenses/lgpl-2.1.txt</url>
        </license>
      </licenses>
    </dependency>
    <dependency>
      <groupId>org.jboss.ironjacamar</groupId>
      <artifactId>ironjacamar-common-spi</artifactId>
      <version>1.0.15.Final</version>
      <licenses>
        <license>
          <name>GNU Lesser General Public License, Version 2.1</name>
          <url>http://repository.jboss.org/licenses/lgpl-2.1.txt</url>
        </license>
      </licenses>
    </dependency>
    <dependency>
      <groupId>org.jboss.ironjacamar</groupId>
      <artifactId>ironjacamar-core-api</artifactId>
      <version>1.0.15.Final</version>
      <licenses>
        <license>
          <name>GNU Lesser General Public License, Version 2.1</name>
          <url>http://repository.jboss.org/licenses/lgpl-2.1.txt</url>
        </license>
      </licenses>
    </dependency>
    <dependency>
      <groupId>org.jboss.ironjacamar</groupId>
      <artifactId>ironjacamar-core-impl</artifactId>
      <version>1.0.15.Final</version>
      <licenses>
        <license>
          <name>GNU Lesser General Public License, Version 2.1</name>
          <url>http://repository.jboss.org/licenses/lgpl-2.1.txt</url>
        </license>
      </licenses>
    </dependency>
    <dependency>
      <groupId>org.jboss.ironjacamar</groupId>
      <artifactId>ironjacamar-deployers-common</artifactId>
      <version>1.0.15.Final</version>
      <licenses>
        <license>
          <name>GNU Lesser General Public License, Version 2.1</name>
          <url>http://repository.jboss.org/licenses/lgpl-2.1.txt</url>
        </license>
      </licenses>
    </dependency>
    <dependency>
      <groupId>org.jboss.ironjacamar</groupId>
      <artifactId>ironjacamar-jdbc</artifactId>
      <version>1.0.15.Final</version>
      <licenses>
        <license>
          <name>GNU Lesser General Public License, Version 2.1</name>
          <url>http://repository.jboss.org/licenses/lgpl-2.1.txt</url>
        </license>
      </licenses>
    </dependency>
    <dependency>
      <groupId>org.jboss.ironjacamar</groupId>
      <artifactId>ironjacamar-spec-api</artifactId>
      <version>1.0.15.Final</version>
      <licenses>
        <license>
          <name>GNU Lesser General Public License, Version 2.1</name>
          <url>http://repository.jboss.org/licenses/lgpl-2.1.txt</url>
        </license>
      </licenses>
    </dependency>
    <dependency>
      <groupId>org.jboss.ironjacamar</groupId>
      <artifactId>ironjacamar-validator</artifactId>
      <version>1.0.15.Final</version>
      <licenses>
        <license>
          <name>GNU Lesser General Public License, Version 2.1</name>
          <url>http://repository.jboss.org/licenses/lgpl-2.1.txt</url>
        </license>
      </licenses>
    </dependency>
    <dependency>
      <groupId>org.jboss.jbossts</groupId>
      <artifactId>jbossjta</artifactId>
      <version>4.16.6.Final</version>
      <licenses>
        <license>
          <name>LGPL 2.1</name>
          <url>http://www.gnu.org/licenses/lgpl-2.1.html</url>
        </license>
      </licenses>
    </dependency>
    <dependency>
      <groupId>org.jboss.jbossts</groupId>
      <artifactId>jbossjta-integration</artifactId>
      <version>4.16.6.Final</version>
      <licenses>
        <license>
          <name>LGPL 2.1</name>
          <url>http://www.gnu.org/licenses/lgpl-2.1.html</url>
        </license>
      </licenses>
    </dependency>
    <dependency>
      <groupId>org.jboss.jbossts</groupId>
      <artifactId>jbossjts</artifactId>
      <version>4.16.4.Final</version>
      <licenses>
        <license>
          <name>LGPL 2.1</name>
          <url>http://www.gnu.org/licenses/lgpl-2.1.html</url>
        </license>
      </licenses>
    </dependency>
    <dependency>
      <groupId>org.jboss.jdeparser</groupId>
      <artifactId>jdeparser</artifactId>
      <version>1.0.0.Final</version>
      <licenses>
        <license>
          <name>CDDL v1.1 / GPL v2 dual license</name>
          <url>https://glassfish.java.net/public/CDDL+GPL_1_1.html</url>
          <distribution>repo</distribution>
        </license>
        <license>
          <name>The MIT license</name>
          <url>http://opensource.org/licenses/MIT</url>
          <distribution>repo</distribution>
        </license>
      </licenses>
    </dependency>
    <dependency>
      <groupId>org.jboss.logging</groupId>
      <artifactId>jboss-logging</artifactId>
      <version>3.1.2.GA</version>
      <licenses>
        <license>
          <name>GNU Lesser General Public License, Version 2.1</name>
          <url>http://repository.jboss.org/licenses/lgpl-2.1.txt</url>
          <distribution>repo</distribution>
        </license>
      </licenses>
    </dependency>
    <dependency>
      <groupId>org.jboss.logging</groupId>
      <artifactId>jboss-logging-processor</artifactId>
      <version>1.1.0.Final</version>
      <licenses>
        <license>
          <name>Public Domain</name>
          <url>http://repository.jboss.org/licenses/cc0-1.0.txt</url>
          <distribution>repo</distribution>
        </license>
      </licenses>
    </dependency>
    <dependency>
      <groupId>org.jboss.logging</groupId>
      <artifactId>jul-to-slf4j-stub</artifactId>
      <version>1.0.1.Final</version>
      <licenses>
        <license>
          <name>Public Domain</name>
          <url>http://repository.jboss.org/licenses/cc0-1.0.txt</url>
          <distribution>repo</distribution>
        </license>
      </licenses>
    </dependency>
    <dependency>
      <groupId>org.jboss.logmanager</groupId>
      <artifactId>jboss-logmanager</artifactId>
      <version>1.4.0.Final</version>
      <licenses>
        <license>
          <name>GNU Lesser General Public License, Version 2.1</name>
          <url>http://repository.jboss.org/licenses/lgpl-2.1.txt</url>
        </license>
      </licenses>
    </dependency>
    <dependency>
      <groupId>org.jboss.logmanager</groupId>
      <artifactId>log4j-jboss-logmanager</artifactId>
      <version>1.0.1.Final</version>
      <licenses>
        <license>
          <name>Apache License, Version 2.0</name>
          <url>http://repository.jboss.org/licenses/apache-2.0.txt</url>
        </license>
      </licenses>
    </dependency>
    <dependency>
      <groupId>org.jboss.marshalling</groupId>
      <artifactId>jboss-marshalling</artifactId>
      <version>1.3.16.GA</version>
      <licenses>
        <license>
          <name>GNU Lesser General Public License, Version 2.1</name>
          <url>http://repository.jboss.org/licenses/lgpl-2.1.txt</url>
        </license>
      </licenses>
    </dependency>
    <dependency>
      <groupId>org.jboss.marshalling</groupId>
      <artifactId>jboss-marshalling-river</artifactId>
      <version>1.3.16.GA</version>
      <licenses>
        <license>
          <name>GNU Lesser General Public License, Version 2.1</name>
          <url>http://repository.jboss.org/licenses/lgpl-2.1.txt</url>
        </license>
      </licenses>
    </dependency>
    <dependency>
      <groupId>org.jboss.metadata</groupId>
      <artifactId>jboss-metadata-common</artifactId>
      <version>7.0.8.Final</version>
      <licenses>
        <license>
          <name>GNU Lesser General Public License, Version 2.1</name>
          <url>http://repository.jboss.org/licenses/lgpl-2.1.txt</url>
        </license>
      </licenses>
    </dependency>
    <dependency>
      <groupId>org.jboss.metadata</groupId>
      <artifactId>jboss-metadata-ear</artifactId>
      <version>7.0.8.Final</version>
      <licenses>
        <license>
          <name>GNU Lesser General Public License, Version 2.1</name>
          <url>http://repository.jboss.org/licenses/lgpl-2.1.txt</url>
        </license>
      </licenses>
    </dependency>
    <dependency>
      <groupId>org.jboss.metadata</groupId>
      <artifactId>jboss-metadata-web</artifactId>
      <version>7.0.8.Final</version>
      <licenses>
        <license>
          <name>GNU Lesser General Public License, Version 2.1</name>
          <url>http://repository.jboss.org/licenses/lgpl-2.1.txt</url>
        </license>
      </licenses>
    </dependency>
    <dependency>
      <groupId>org.jboss.mod_cluster</groupId>
      <artifactId>mod_cluster-container-catalina</artifactId>
      <version>1.2.3.Final</version>
      <licenses>
        <license>
          <name>GNU Lesser General Public License, Version 2.1</name>
          <url>http://repository.jboss.org/licenses/lgpl-2.1.txt</url>
        </license>
      </licenses>
    </dependency>
    <dependency>
      <groupId>org.jboss.mod_cluster</groupId>
      <artifactId>mod_cluster-container-jbossweb</artifactId>
      <version>1.2.3.Final</version>
      <licenses>
        <license>
          <name>GNU Lesser General Public License, Version 2.1</name>
          <url>http://repository.jboss.org/licenses/lgpl-2.1.txt</url>
        </license>
      </licenses>
    </dependency>
    <dependency>
      <groupId>org.jboss.mod_cluster</groupId>
      <artifactId>mod_cluster-container-spi</artifactId>
      <version>1.2.3.Final</version>
      <licenses>
        <license>
          <name>GNU Lesser General Public License, Version 2.1</name>
          <url>http://repository.jboss.org/licenses/lgpl-2.1.txt</url>
        </license>
      </licenses>
    </dependency>
    <dependency>
      <groupId>org.jboss.mod_cluster</groupId>
      <artifactId>mod_cluster-core</artifactId>
      <version>1.2.3.Final</version>
      <licenses>
        <license>
          <name>GNU Lesser General Public License, Version 2.1</name>
          <url>http://repository.jboss.org/licenses/lgpl-2.1.txt</url>
        </license>
      </licenses>
    </dependency>
    <dependency>
      <groupId>org.jboss.modules</groupId>
      <artifactId>jboss-modules</artifactId>
      <version>1.2.0.CR1</version>
      <licenses>
        <license>
          <name>GNU Lesser General Public License, Version 2.1</name>
          <url>http://repository.jboss.org/licenses/lgpl-2.1.txt</url>
        </license>
      </licenses>
    </dependency>
    <dependency>
      <groupId>org.jboss.msc</groupId>
      <artifactId>jboss-msc</artifactId>
      <version>1.0.4.GA</version>
      <licenses>
        <license>
          <name>GNU Lesser General Public License, Version 2.1</name>
          <url>http://repository.jboss.org/licenses/lgpl-2.1.txt</url>
        </license>
      </licenses>
    </dependency>
    <dependency>
      <groupId>org.jboss.naming</groupId>
      <artifactId>jnpserver</artifactId>
      <version>5.0.3.GA</version>
      <licenses>
        <license>
          <name>lgpl</name>
          <url>http://repository.jboss.com/licenses/lgpl.txt</url>
        </license>
      </licenses>
    </dependency>
    <dependency>
      <groupId>org.jboss.remoting3</groupId>
      <artifactId>jboss-remoting</artifactId>
      <version>3.2.14.GA</version>
      <licenses>
        <license>
          <name>GNU Lesser General Public License, Version 2.1</name>
          <url>http://repository.jboss.org/licenses/lgpl-2.1.txt</url>
          <distribution>repo</distribution>
        </license>
      </licenses>
    </dependency>
    <dependency>
      <groupId>org.jboss.remotingjmx</groupId>
      <artifactId>remoting-jmx</artifactId>
      <version>1.1.0.Final</version>
      <licenses>
        <license>
          <name>LGPL 2.1</name>
          <url>http://www.gnu.org/licenses/lgpl-2.1.html</url>
          <distribution>repo</distribution>
        </license>
      </licenses>
    </dependency>
    <dependency>
      <groupId>org.jboss.sasl</groupId>
      <artifactId>jboss-sasl</artifactId>
      <version>1.0.3.Final</version>
      <licenses>
        <license>
          <name>GNU Lesser General Public License, Version 2.1</name>
          <url>http://repository.jboss.org/licenses/lgpl-2.1.txt</url>
        </license>
      </licenses>
    </dependency>
    <dependency>
      <groupId>org.jboss.seam.integration</groupId>
      <artifactId>jboss-seam-int-jbossas</artifactId>
      <version>6.0.0.GA</version>
      <licenses>
        <license>
          <name>GNU Lesser General Public License, Version 2.1</name>
          <url>http://repository.jboss.org/licenses/lgpl-2.1.txt</url>
        </license>
      </licenses>
    </dependency>
    <dependency>
      <groupId>org.jboss.security</groupId>
      <artifactId>jboss-negotiation-common</artifactId>
      <version>2.2.2.Final</version>
      <licenses>
        <license>
          <name>GNU Lesser General Public License, Version 2.1</name>
          <url>http://repository.jboss.org/licenses/lgpl-2.1.txt</url>
        </license>
      </licenses>
    </dependency>
    <dependency>
      <groupId>org.jboss.security</groupId>
      <artifactId>jboss-negotiation-extras</artifactId>
      <version>2.2.2.Final</version>
      <licenses>
        <license>
          <name>GNU Lesser General Public License, Version 2.1</name>
          <url>http://repository.jboss.org/licenses/lgpl-2.1.txt</url>
        </license>
      </licenses>
    </dependency>
    <dependency>
      <groupId>org.jboss.security</groupId>
      <artifactId>jboss-negotiation-net</artifactId>
      <version>2.2.2.Final</version>
      <licenses>
        <license>
          <name>GNU Lesser General Public License, Version 2.1</name>
          <url>http://repository.jboss.org/licenses/lgpl-2.1.txt</url>
        </license>
      </licenses>
    </dependency>
    <dependency>
      <groupId>org.jboss.security</groupId>
      <artifactId>jboss-negotiation-ntlm</artifactId>
      <version>2.2.2.Final</version>
      <licenses>
        <license>
          <name>GNU Lesser General Public License, Version 2.1</name>
          <url>http://repository.jboss.org/licenses/lgpl-2.1.txt</url>
        </license>
      </licenses>
    </dependency>
    <dependency>
      <groupId>org.jboss.security</groupId>
      <artifactId>jboss-negotiation-spnego</artifactId>
      <version>2.2.2.Final</version>
      <licenses>
        <license>
          <name>GNU Lesser General Public License, Version 2.1</name>
          <url>http://repository.jboss.org/licenses/lgpl-2.1.txt</url>
        </license>
      </licenses>
    </dependency>
    <dependency>
      <groupId>org.jboss.security</groupId>
      <artifactId>jbossxacml</artifactId>
      <version>2.0.8.Final</version>
      <licenses>
        <license>
          <name>GNU Lesser General Public License, Version 2.1</name>
          <url>http://repository.jboss.org/licenses/lgpl-2.1.txt</url>
        </license>
      </licenses>
    </dependency>
    <dependency>
      <groupId>org.jboss.slf4j</groupId>
      <artifactId>slf4j-jboss-logmanager</artifactId>
      <version>1.0.2.GA</version>
      <licenses>
        <license>
          <name>GNU Lesser General Public License, Version 2.1</name>
          <url>http://repository.jboss.org/licenses/lgpl-2.1.txt</url>
        </license>
      </licenses>
    </dependency>
    <dependency>
      <groupId>org.jboss.spec.javax.annotation</groupId>
      <artifactId>jboss-annotations-api_1.1_spec</artifactId>
      <version>1.0.1.Final</version>
      <licenses>
        <license>
          <name>GNU Lesser General Public License, Version 2.1</name>
          <url>http://repository.jboss.org/licenses/lgpl-2.1.txt</url>
        </license>
      </licenses>
    </dependency>
    <dependency>
      <groupId>org.jboss.spec.javax.el</groupId>
      <artifactId>jboss-el-api_2.2_spec</artifactId>
      <version>1.0.2.Final</version>
      <licenses>
        <license>
          <name>GNU Lesser General Public License, Version 2.1</name>
          <url>http://repository.jboss.org/licenses/lgpl-2.1.txt</url>
        </license>
      </licenses>
    </dependency>
    <dependency>
      <groupId>org.jboss.spec.javax.enterprise.deploy</groupId>
      <artifactId>jboss-jad-api_1.2_spec</artifactId>
      <version>1.0.1.Final</version>
      <licenses>
        <license>
          <name>GNU Lesser General Public License, Version 2.1</name>
          <url>http://repository.jboss.org/licenses/lgpl-2.1.txt</url>
        </license>
      </licenses>
    </dependency>
    <dependency>
      <groupId>org.jboss.spec.javax.interceptor</groupId>
      <artifactId>jboss-interceptors-api_1.1_spec</artifactId>
      <version>1.0.1.Final</version>
      <licenses>
        <license>
          <name>GNU Lesser General Public License, Version 2.1</name>
          <url>http://repository.jboss.org/licenses/lgpl-2.1.txt</url>
        </license>
      </licenses>
    </dependency>
    <dependency>
      <groupId>org.jboss.spec.javax.jms</groupId>
      <artifactId>jboss-jms-api_1.1_spec</artifactId>
      <version>1.0.1.Final</version>
      <licenses>
        <license>
          <name>GNU Lesser General Public License, Version 2.1</name>
          <url>http://repository.jboss.org/licenses/lgpl-2.1.txt</url>
        </license>
      </licenses>
    </dependency>
    <dependency>
      <groupId>org.jboss.spec.javax.management.j2ee</groupId>
      <artifactId>jboss-j2eemgmt-api_1.1_spec</artifactId>
      <version>1.0.1.Final</version>
      <licenses>
        <license>
          <name>GNU Lesser General Public License, Version 2.1</name>
          <url>http://repository.jboss.org/licenses/lgpl-2.1.txt</url>
        </license>
      </licenses>
    </dependency>
    <dependency>
      <groupId>org.jboss.spec.javax.resource</groupId>
      <artifactId>jboss-connector-api_1.6_spec</artifactId>
      <version>1.0.1.Final</version>
      <licenses>
        <license>
          <name>GNU Lesser General Public License, Version 2.1</name>
          <url>http://repository.jboss.org/licenses/lgpl-2.1.txt</url>
        </license>
      </licenses>
    </dependency>
    <dependency>
      <groupId>org.jboss.spec.javax.rmi</groupId>
      <artifactId>jboss-rmi-api_1.0_spec</artifactId>
      <version>1.0.4.Final</version>
      <licenses>
        <license>
          <name>GNU Lesser General Public License, Version 2.1</name>
          <url>http://repository.jboss.org/licenses/lgpl-2.1.txt</url>
        </license>
      </licenses>
    </dependency>
    <dependency>
      <groupId>org.jboss.spec.javax.security.auth.message</groupId>
      <artifactId>jboss-jaspi-api_1.0_spec</artifactId>
      <version>1.0.1.Final</version>
      <licenses>
        <license>
          <name>GNU Lesser General Public License, Version 2.1</name>
          <url>http://repository.jboss.org/licenses/lgpl-2.1.txt</url>
        </license>
      </licenses>
    </dependency>
    <dependency>
      <groupId>org.jboss.spec.javax.security.jacc</groupId>
      <artifactId>jboss-jacc-api_1.4_spec</artifactId>
      <version>1.0.2.Final</version>
      <licenses>
        <license>
          <name>GNU Lesser General Public License, Version 2.1</name>
          <url>http://repository.jboss.org/licenses/lgpl-2.1.txt</url>
        </license>
      </licenses>
    </dependency>
    <dependency>
      <groupId>org.jboss.spec.javax.servlet</groupId>
      <artifactId>jboss-servlet-api_2.5_spec</artifactId>
      <version>1.0.1.Final</version>
      <licenses>
        <license>
          <name>GNU Lesser General Public License, Version 2.1</name>
          <url>http://repository.jboss.org/licenses/lgpl-2.1.txt</url>
        </license>
      </licenses>
    </dependency>
    <dependency>
      <groupId>org.jboss.spec.javax.servlet</groupId>
      <artifactId>jboss-servlet-api_3.0_spec</artifactId>
      <version>1.0.2.Final</version>
      <licenses>
        <license>
          <name>GNU Lesser General Public License, Version 2.1</name>
          <url>http://repository.jboss.org/licenses/lgpl-2.1.txt</url>
        </license>
      </licenses>
    </dependency>
    <dependency>
      <groupId>org.jboss.spec.javax.servlet.jsp</groupId>
      <artifactId>jboss-jsp-api_2.2_spec</artifactId>
      <version>1.0.1.Final</version>
      <licenses>
        <license>
          <name>GNU Lesser General Public License, Version 2.1</name>
          <url>http://repository.jboss.org/licenses/lgpl-2.1.txt</url>
        </license>
      </licenses>
    </dependency>
    <dependency>
      <groupId>org.jboss.spec.javax.servlet.jstl</groupId>
      <artifactId>jboss-jstl-api_1.2_spec</artifactId>
      <version>1.0.3.Final</version>
      <licenses>
        <license>
          <name>GNU Lesser General Public License, Version 2.1</name>
          <url>http://repository.jboss.org/licenses/lgpl-2.1.txt</url>
        </license>
      </licenses>
    </dependency>
    <dependency>
      <groupId>org.jboss.spec.javax.transaction</groupId>
      <artifactId>jboss-transaction-api_1.1_spec</artifactId>
      <version>1.0.1.Final</version>
      <licenses>
        <license>
          <name>GNU Lesser General Public License, Version 2.1</name>
          <url>http://repository.jboss.org/licenses/lgpl-2.1.txt</url>
        </license>
      </licenses>
    </dependency>
    <dependency>
      <groupId>org.jboss.spec.javax.xml.bind</groupId>
      <artifactId>jboss-jaxb-api_2.2_spec</artifactId>
      <version>1.0.4.Final</version>
      <licenses>
        <license>
          <name>GNU Lesser General Public License, Version 2.1</name>
          <url>http://repository.jboss.org/licenses/lgpl-2.1.txt</url>
        </license>
      </licenses>
    </dependency>
    <dependency>
      <groupId>org.jboss.spec.javax.xml.soap</groupId>
      <artifactId>jboss-saaj-api_1.3_spec</artifactId>
      <version>1.0.2.Final</version>
      <licenses>
        <license>
          <name>GNU Lesser General Public License, Version 2.1</name>
          <url>http://repository.jboss.org/licenses/lgpl-2.1.txt</url>
        </license>
      </licenses>
    </dependency>
    <dependency>
      <groupId>org.jboss.spec.javax.xml.ws</groupId>
      <artifactId>jboss-jaxws-api_2.2_spec</artifactId>
      <version>2.0.1.Final</version>
      <licenses>
        <license>
          <name>GNU Lesser General Public License, Version 2.1</name>
          <url>http://repository.jboss.org/licenses/lgpl-2.1.txt</url>
        </license>
      </licenses>
    </dependency>
    <dependency>
      <groupId>org.jboss.stdio</groupId>
      <artifactId>jboss-stdio</artifactId>
      <version>1.0.1.GA</version>
      <licenses>
        <license>
          <name>GNU Lesser General Public License, Version 2.1</name>
          <url>http://repository.jboss.org/licenses/lgpl-2.1.txt</url>
        </license>
      </licenses>
    </dependency>
    <dependency>
      <groupId>org.jboss.threads</groupId>
      <artifactId>jboss-threads</artifactId>
      <version>2.1.0.Final</version>
      <licenses>
        <license>
          <name>GNU Lesser General Public License, Version 2.1</name>
          <url>http://repository.jboss.org/licenses/lgpl-2.1.txt</url>
        </license>
      </licenses>
    </dependency>
    <dependency>
      <groupId>org.jboss.web</groupId>
      <artifactId>jbossweb</artifactId>
      <version>7.2.0.Final</version>
      <licenses>
        <license>
          <name>GNU Lesser General Public License, Version 2.1</name>
          <url>http://repository.jboss.org/licenses/lgpl-2.1.txt</url>
        </license>
      </licenses>
    </dependency>
    <dependency>
      <groupId>org.jboss.xnio</groupId>
      <artifactId>xnio-api</artifactId>
      <version>3.0.7.GA</version>
      <licenses>
        <license>
          <name>GNU Lesser General Public License, Version 2.1</name>
          <url>http://repository.jboss.org/licenses/lgpl-2.1.txt</url>
        </license>
      </licenses>
    </dependency>
    <dependency>
      <groupId>org.jboss.xnio</groupId>
      <artifactId>xnio-nio</artifactId>
      <version>3.0.7.GA</version>
      <licenses>
        <license>
          <name>GNU Lesser General Public License, Version 2.1</name>
          <url>http://repository.jboss.org/licenses/lgpl-2.1.txt</url>
        </license>
      </licenses>
    </dependency>
    <dependency>
      <groupId>org.jdom</groupId>
      <artifactId>jdom</artifactId>
      <version>1.1.2</version>
      <licenses>
        <license>
          <name>JDOM License</name>
          <url>http://repository.jboss.org/licenses/jdom-1.0.txt</url>
          <distribution>repo</distribution>
        </license>
      </licenses>
    </dependency>
    <dependency>
      <groupId>org.jgroups</groupId>
      <artifactId>jgroups</artifactId>
      <version>3.4.0.Alpha2</version>
      <licenses>
        <license>
          <name>GNU Lesser General Public License, Version 2.1</name>
          <url>http://repository.jboss.org/licenses/lgpl-2.1.txt</url>
        </license>
      </licenses>
    </dependency>
    <dependency>
      <groupId>org.kohsuke.rngom</groupId>
      <artifactId>rngom</artifactId>
      <version>201103.jboss-1</version>
      <licenses>
        <license>
          <name>The MIT License</name>
          <url>http://www.opensource.org/licenses/mit-license.php</url>
          <distribution>repo</distribution>
        </license>
      </licenses>
    </dependency>
    <dependency>
      <groupId>org.picketbox</groupId>
      <artifactId>picketbox</artifactId>
      <version>4.0.15.Final</version>
      <licenses>
        <license>
          <name>GNU Lesser General Public License, Version 2.1</name>
          <url>http://repository.jboss.org/licenses/lgpl-2.1.txt</url>
        </license>
      </licenses>
    </dependency>
    <dependency>
      <groupId>org.picketbox</groupId>
      <artifactId>picketbox-commons</artifactId>
      <version>1.0.0.final</version>
      <licenses>
        <license>
          <name>GNU Lesser General Public License, Version 2.1</name>
          <url>http://repository.jboss.org/licenses/lgpl-2.1.txt</url>
        </license>
      </licenses>
    </dependency>
    <dependency>
      <groupId>org.picketbox</groupId>
      <artifactId>picketbox-infinispan</artifactId>
      <version>4.0.15.Final</version>
      <licenses>
        <license>
          <name>GNU Lesser General Public License, Version 2.1</name>
          <url>http://repository.jboss.org/licenses/lgpl-2.1.txt</url>
        </license>
      </licenses>
    </dependency>
    <dependency>
      <groupId>org.projectodd.stilts</groupId>
      <artifactId>stilts-stomplet-server-bundle</artifactId>
      <version>0.1.26</version>
      <licenses>
        <license>
          <name>GNU Lesser General Public License, Version 2.1</name>
          <url>http://repository.jboss.org/licenses/lgpl-2.1.txt</url>
        </license>
      </licenses>
    </dependency>
    <dependency>
      <groupId>org.rhq.helpers</groupId>
      <artifactId>rhq-pluginAnnotations</artifactId>
      <version>3.0.4</version>
      <licenses>
        <license>
          <name>GPL</name>
          <url>http://gnu.org</url>
        </license>
      </licenses>
    </dependency>
    <dependency>
      <groupId>org.scannotation</groupId>
      <artifactId>scannotation</artifactId>
      <version>1.0.2</version>
      <licenses>
        <license>
          <name>Apache Software License, Version 2.0</name>
          <url>http://repository.jboss.org/licenses/apache-2.0.txt</url>
          <distribution>repo</distribution>
        </license>
      </licenses>
    </dependency>
    <dependency>
      <groupId>org.slf4j</groupId>
      <artifactId>jcl-over-slf4j</artifactId>
      <version>1.7.2</version>
      <licenses>
        <license>
          <name>The MIT License</name>
          <url>http://repository.jboss.org/licenses/mit.txt</url>
          <distribution>repo</distribution>
        </license>
      </licenses>
    </dependency>
    <dependency>
      <groupId>org.slf4j</groupId>
      <artifactId>slf4j-api</artifactId>
      <version>1.7.2</version>
      <licenses>
        <license>
          <name>The MIT License</name>
          <url>http://repository.jboss.org/licenses/mit.txt</url>
          <distribution>repo</distribution>
        </license>
      </licenses>
    </dependency>
    <dependency>
      <groupId>org.slf4j</groupId>
      <artifactId>slf4j-ext</artifactId>
      <version>1.7.2</version>
      <licenses>
        <license>
          <name>The MIT License</name>
          <url>http://repository.jboss.org/licenses/mit.txt</url>
          <distribution>repo</distribution>
        </license>
      </licenses>
    </dependency>
    <dependency>
      <groupId>org.yaml</groupId>
      <artifactId>snakeyaml</artifactId>
      <version>1.8</version>
      <licenses>
        <license>
          <name>Apache Software License, Version 2.0</name>
          <url>http://repository.jboss.org/licenses/apache-2.0.txt</url>
        </license>
      </licenses>
    </dependency>
    <dependency>
      <groupId>wsdl4j</groupId>
      <artifactId>wsdl4j</artifactId>
      <version>1.6.2</version>
      <licenses>
        <license>
          <name>Common Public License, Version 1.0</name>
          <url>http://repository.jboss.org/licenses/cpl-1.0.txt</url>
          <distribution>repo</distribution>
        </license>
      </licenses>
    </dependency>
    <dependency>
      <groupId>xalan</groupId>
      <artifactId>serializer</artifactId>
      <version>2.7.1.jbossorg-1</version>
      <licenses>
        <license>
          <name>Apache Software License, Version 2.0</name>
          <url>http://repository.jboss.org/licenses/apache-2.0.txt</url>
          <distribution>repo</distribution>
        </license>
      </licenses>
    </dependency>
    <dependency>
      <groupId>xalan</groupId>
      <artifactId>xalan</artifactId>
      <version>2.7.1.jbossorg-1</version>
      <licenses>
        <license>
          <name>Apache Software License, Version 2.0</name>
          <url>http://repository.jboss.org/licenses/apache-2.0.txt</url>
          <distribution>repo</distribution>
        </license>
      </licenses>
    </dependency>
    <dependency>
      <groupId>xerces</groupId>
      <artifactId>xercesImpl</artifactId>
      <version>2.9.1-jbossas-2</version>
      <licenses>
        <license>
          <name>Apache Software License, Version 2.0</name>
          <url>http://repository.jboss.org/licenses/apache-2.0.txt</url>
          <distribution>repo</distribution>
        </license>
      </licenses>
    </dependency>
    <dependency>
      <groupId>xml-resolver</groupId>
      <artifactId>xml-resolver</artifactId>
      <version>1.2</version>
      <licenses>
        <license>
          <name>Apache Software License, Version 2.0</name>
          <url>http://repository.jboss.org/licenses/apache-2.0.txt</url>
          <distribution>repo</distribution>
        </license>
      </licenses>
    </dependency>
    <dependency>
      <groupId>xom</groupId>
      <artifactId>xom</artifactId>
      <version>1.2.5</version>
      <licenses>
        <license>
          <name>GNU Lesser General Public License, Version 2.1</name>
          <url>http://repository.jboss.org/licenses/lgpl-2.1.txt</url>
        </license>
      </licenses>
    </dependency>
  </dependencies>
</licenseSummary>
