<?xml version="1.0" encoding="UTF-8"?>

<!--
  ~ JBoss, Home of Professional Open Source.
  ~ Copyright 2010, Red Hat, Inc., and individual contributors
  ~ as indicated by the @author tags. See the copyright.txt file in the
  ~ distribution for a full listing of individual contributors.
  ~
  ~ This is free software; you can redistribute it and/or modify it
  ~ under the terms of the GNU Lesser General Public License as
  ~ published by the Free Software Foundation; either version 2.1 of
  ~ the License, or (at your option) any later version.
  ~
  ~ This software is distributed in the hope that it will be useful,
  ~ but WITHOUT ANY WARRANTY; without even the implied warranty of
  ~ MERCHANTABILITY or FITNESS FOR A PARTICULAR PURPOSE. See the GNU
  ~ Lesser General Public License for more details.
  ~
  ~ You should have received a copy of the GNU Lesser General Public
  ~ License along with this software; if not, write to the Free
  ~ Software Foundation, Inc., 51 Franklin St, Fifth Floor, Boston, MA
  ~ 02110-1301 USA, or see the FSF site: http://www.fsf.org.
  -->

<module xmlns="urn:jboss:module:1.0" name="org.immutant.common">

    <resources>
        <resource-root path="immutant-common-module.jar"/>
        <resource-root path="immutant-common.jar"/>
        <!--
        tools.reader imports clojure.lang.RT, and a gen-classed Exception class, so has to
        be able to find the clojure classes, which only exist in the deployment ClassLoader,
        so we don't load it as a resource-root here, and add it directly to each deployment's
        effective classpath in AppDependenciesProcessor instead.
        <resource-root path="tools.reader.jar"/> -->
        <resource-root path="data.fressian.jar"/>
        <resource-root path="fressian.jar"/>
        <resource-root path="cheshire.jar"/>
        <resource-root path="jackson-core.jar"/>
        <resource-root path="jackson-dataformat-smile.jar"/>
    </resources>

    <exports>
      <include-set>
        <path name="immutant/**"/>
      </include-set>
    </exports>

    <dependencies>
        <module name="javax.api"/>
        <module name="org.jboss.staxmapper"/>
        <module name="org.jboss.as.controller"/>
        <module name="org.jboss.as.server"/>
        <module name="org.jboss.modules"/>
        <module name="org.jboss.logging"/>
    </dependencies>
</module>

