<?xml version='1.0' encoding='UTF-8'?>

<domain xmlns="urn:jboss:domain:1.4">
    <extensions>
        <extension module="org.jboss.as.clustering.infinispan"/>
        <extension module="org.jboss.as.clustering.jgroups"/>
        <extension module="org.jboss.as.connector"/>
        <extension module="org.jboss.as.ee"/>
        <extension module="org.jboss.as.jmx"/>
        <extension module="org.jboss.as.logging"/>
        <extension module="org.jboss.as.messaging"/>
        <extension module="org.jboss.as.modcluster"/>
        <extension module="org.jboss.as.naming"/>
        <extension module="org.jboss.as.remoting"/>
        <extension module="org.jboss.as.security"/>
        <extension module="org.jboss.as.transactions"/>
        <extension module="org.jboss.as.web"/>
    </extensions>
    <system-properties>
        <!-- IPv4 is not required, but setting this helps avoid unintended use of IPv6 -->
        <property name="java.net.preferIPv4Stack" value="true"/>
    </system-properties>
    <profiles>
        <profile name="default">
            <subsystem xmlns="urn:jboss:domain:logging:1.2">
                <console-handler name="CONSOLE">
                    <level name="INFO"/>
                    <formatter>
                        <pattern-formatter pattern="%K{level}%d{HH:mm:ss,SSS} %-5p [%c] (%t) %s%E%n"/>
                    </formatter>
                </console-handler>
                <periodic-rotating-file-handler name="FILE" autoflush="true">
                    <formatter>
                        <pattern-formatter pattern="%d{HH:mm:ss,SSS} %-5p [%c] (%t) %s%E%n"/>
                    </formatter>
                    <file relative-to="jboss.server.log.dir" path="server.log"/>
                    <suffix value=".yyyy-MM-dd"/>
                    <append value="true"/>
                </periodic-rotating-file-handler>
                <logger category="com.arjuna">
                    <level name="WARN"/>
                </logger>
                <logger category="org.apache.tomcat.util.modeler">
                    <level name="WARN"/>
                </logger>
                <logger category="org.jboss.as.config">
                    <level name="DEBUG"/>
                </logger>
                <logger category="sun.rmi">
                    <level name="WARN"/>
                </logger>
                <root-logger>
                    <level name="INFO"/>
                    <handlers>
                        <handler name="CONSOLE"/>
                        <handler name="FILE"/>
                    </handlers>
                </root-logger>
            </subsystem>
            <subsystem xmlns="urn:jboss:domain:ee:1.1">
                <spec-descriptor-property-replacement>false</spec-descriptor-property-replacement>
                <jboss-descriptor-property-replacement>true</jboss-descriptor-property-replacement>
            </subsystem>
            <subsystem xmlns="urn:jboss:domain:infinispan:1.4">
                <cache-container name="web" aliases="standard-session-cache" default-cache="local-web" module="org.jboss.as.clustering.web.infinispan">
                    <local-cache name="local-web" batching="true">
                        <file-store passivation="false" purge="false"/>
                    </local-cache>
                </cache-container>
                <cache-container name="hibernate" default-cache="local-query" module="org.jboss.as.jpa.hibernate:4">
                    <local-cache name="entity">
                        <transaction mode="NON_XA"/>
                        <eviction strategy="LRU" max-entries="10000"/>
                        <expiration max-idle="100000"/>
                    </local-cache>
                    <local-cache name="local-query">
                        <transaction mode="NONE"/>
                        <eviction strategy="LRU" max-entries="10000"/>
                        <expiration max-idle="100000"/>
                    </local-cache>
                    <local-cache name="timestamps">
                        <transaction mode="NONE"/>
                        <eviction strategy="NONE"/>
                    </local-cache>
                </cache-container>
            </subsystem>
            <subsystem xmlns="urn:jboss:domain:jca:1.1">
                <archive-validation enabled="true" fail-on-error="true" fail-on-warn="false"/>
                <bean-validation enabled="true"/>
                <default-workmanager>
                    <short-running-threads>
                        <core-threads count="50"/>
                        <queue-length count="50"/>
                        <max-threads count="50"/>
                        <keepalive-time time="10" unit="seconds"/>
                    </short-running-threads>
                    <long-running-threads>
                        <core-threads count="50"/>
                        <queue-length count="50"/>
                        <max-threads count="50"/>
                        <keepalive-time time="10" unit="seconds"/>
                    </long-running-threads>
                </default-workmanager>
                <cached-connection-manager/>
            </subsystem>
            <subsystem xmlns="urn:jboss:domain:jmx:1.2">
                <expose-resolved-model/>
                <expose-expression-model/>
                <!--<remoting-connector use-management-endpoint="false"/>-->
            </subsystem>
            <subsystem xmlns="urn:jboss:domain:naming:1.2">
                <remote-naming/>
            </subsystem>
            <subsystem xmlns="urn:jboss:domain:remoting:1.1">
                <connector name="remoting-connector" socket-binding="remoting" security-realm="ApplicationRealm"/>
            </subsystem>
            <subsystem xmlns="urn:jboss:domain:resource-adapters:1.0"/>
            <subsystem xmlns="urn:jboss:domain:security:1.2">
                <security-domains>
                    <security-domain name="other" cache-type="default">
                        <authentication>
                            <login-module code="Remoting" flag="optional">
                                <module-option name="password-stacking" value="useFirstPass"/>
                            </login-module>
                            <login-module code="RealmDirect" flag="required">
                                <module-option name="password-stacking" value="useFirstPass"/>
                            </login-module>
                        </authentication>
                    </security-domain>
                    <security-domain name="jboss-web-policy" cache-type="default">
                        <authorization>
                            <policy-module code="Delegating" flag="required"/>
                        </authorization>
                    </security-domain>
                    <security-domain name="jboss-ejb-policy" cache-type="default">
                        <authorization>
                            <policy-module code="Delegating" flag="required"/>
                        </authorization>
                    </security-domain>
                </security-domains>
            </subsystem>
            <subsystem xmlns="urn:jboss:domain:transactions:1.2">
                <core-environment>
                    <process-id>
                        <uuid/>
                    </process-id>
                </core-environment>
                <recovery-environment socket-binding="txn-recovery-environment" status-socket-binding="txn-status-manager"/>
                <coordinator-environment default-timeout="300"/>
            </subsystem>
            <subsystem xmlns="urn:jboss:domain:web:1.4" default-virtual-server="default-host" native="false">
                <connector name="http" protocol="HTTP/1.1" scheme="http" socket-binding="http"/>
                <virtual-server name="default-host" enable-welcome-root="true">
                    <alias name="localhost"/>
                    <alias name="example.com"/>
                </virtual-server>
            </subsystem>
        </profile>
        <profile name="ha">
            <subsystem xmlns="urn:jboss:domain:logging:1.2">
                <console-handler name="CONSOLE">
                    <level name="INFO"/>
                    <formatter>
                        <pattern-formatter pattern="%K{level}%d{HH:mm:ss,SSS} %-5p [%c] (%t) %s%E%n"/>
                    </formatter>
                </console-handler>
                <periodic-rotating-file-handler name="FILE" autoflush="true">
                    <formatter>
                        <pattern-formatter pattern="%d{HH:mm:ss,SSS} %-5p [%c] (%t) %s%E%n"/>
                    </formatter>
                    <file relative-to="jboss.server.log.dir" path="server.log"/>
                    <suffix value=".yyyy-MM-dd"/>
                    <append value="true"/>
                </periodic-rotating-file-handler>
                <logger category="com.arjuna">
                    <level name="WARN"/>
                </logger>
                <logger category="org.apache.tomcat.util.modeler">
                    <level name="WARN"/>
                </logger>
                <logger category="org.jboss.as.config">
                    <level name="DEBUG"/>
                </logger>
                <logger category="sun.rmi">
                    <level name="WARN"/>
                </logger>
                <root-logger>
                    <level name="INFO"/>
                    <handlers>
                        <handler name="CONSOLE"/>
                        <handler name="FILE"/>
                    </handlers>
                </root-logger>
            </subsystem>
            <subsystem xmlns="urn:jboss:domain:ee:1.1">
                <spec-descriptor-property-replacement>false</spec-descriptor-property-replacement>
                <jboss-descriptor-property-replacement>true</jboss-descriptor-property-replacement>
            </subsystem>
            <subsystem xmlns="urn:jboss:domain:infinispan:1.4">
                <cache-container name="singleton" aliases="cluster ha-partition" default-cache="default">
                    <transport lock-timeout="60000"/>
                    <replicated-cache name="default" mode="SYNC" batching="true">
                        <locking isolation="REPEATABLE_READ"/>
                    </replicated-cache>
                </cache-container>
                <cache-container name="web" aliases="standard-session-cache" default-cache="repl" module="org.jboss.as.clustering.web.infinispan">
                    <transport lock-timeout="60000"/>
                    <replicated-cache name="repl" mode="ASYNC" batching="true">
                        <file-store/>
                    </replicated-cache>
                    <replicated-cache name="sso" mode="SYNC" batching="true"/>
                    <distributed-cache name="dist" mode="ASYNC" batching="true" l1-lifespan="0">
                        <file-store/>
                    </distributed-cache>
                </cache-container>
                <cache-container name="ejb" aliases="sfsb sfsb-cache" default-cache="repl" module="org.jboss.as.clustering.ejb3.infinispan">
                    <transport lock-timeout="60000"/>
                    <replicated-cache name="repl" mode="ASYNC" batching="true">
                        <eviction strategy="LRU" max-entries="10000"/>
                        <file-store/>
                    </replicated-cache>
                    <!--
                      ~  Clustered cache used internally by EJB subsytem for managing the client-mapping(s) of
                      ~                 the socketbinding referenced by the EJB remoting connector 
                      -->
                    <replicated-cache name="remote-connector-client-mappings" mode="SYNC" batching="true"/>
                    <distributed-cache name="dist" mode="ASYNC" batching="true" l1-lifespan="0">
                        <eviction strategy="LRU" max-entries="10000"/>
                        <file-store/>
                    </distributed-cache>
                </cache-container>
                <cache-container name="hibernate" default-cache="local-query" module="org.jboss.as.jpa.hibernate:4">
                    <transport lock-timeout="60000"/>
                    <local-cache name="local-query">
                        <transaction mode="NONE"/>
                        <eviction strategy="LRU" max-entries="10000"/>
                        <expiration max-idle="100000"/>
                    </local-cache>
                    <invalidation-cache name="entity" mode="SYNC">
                        <transaction mode="NON_XA"/>
                        <eviction strategy="LRU" max-entries="10000"/>
                        <expiration max-idle="100000"/>
                    </invalidation-cache>
                    <replicated-cache name="timestamps" mode="ASYNC">
                        <transaction mode="NONE"/>
                        <eviction strategy="NONE"/>
                    </replicated-cache>
                </cache-container>
            </subsystem>
            <subsystem xmlns="urn:jboss:domain:jca:1.1">
                <archive-validation enabled="true" fail-on-error="true" fail-on-warn="false"/>
                <bean-validation enabled="true"/>
                <default-workmanager>
                    <short-running-threads>
                        <core-threads count="50"/>
                        <queue-length count="50"/>
                        <max-threads count="50"/>
                        <keepalive-time time="10" unit="seconds"/>
                    </short-running-threads>
                    <long-running-threads>
                        <core-threads count="50"/>
                        <queue-length count="50"/>
                        <max-threads count="50"/>
                        <keepalive-time time="10" unit="seconds"/>
                    </long-running-threads>
                </default-workmanager>
                <cached-connection-manager/>
            </subsystem>
            <subsystem xmlns="urn:jboss:domain:jgroups:1.1" default-stack="udp">
                <stack name="udp">
                    <transport type="UDP" socket-binding="jgroups-udp"/>
                    <protocol type="PING"/>
                    <protocol type="MERGE3"/>
                    <protocol type="FD_SOCK" socket-binding="jgroups-udp-fd"/>
                    <protocol type="FD"/>
                    <protocol type="VERIFY_SUSPECT"/>
                    <protocol type="pbcast.NAKACK2"/>
                    <protocol type="UNICAST2"/>
                    <protocol type="pbcast.STABLE"/>
                    <protocol type="pbcast.GMS"/>
                    <protocol type="UFC"/>
                    <protocol type="MFC"/>
                    <protocol type="FRAG2"/>
                    <protocol type="RSVP"/>
                </stack>
                <stack name="tcp">
                    <transport type="TCP" socket-binding="jgroups-tcp"/>
                    <protocol type="MPING" socket-binding="jgroups-mping"/>
                    <protocol type="MERGE2"/>
                    <protocol type="FD_SOCK" socket-binding="jgroups-tcp-fd"/>
                    <protocol type="FD"/>
                    <protocol type="VERIFY_SUSPECT"/>
                    <protocol type="pbcast.NAKACK2"/>
                    <protocol type="UNICAST2"/>
                    <protocol type="pbcast.STABLE"/>
                    <protocol type="pbcast.GMS"/>
                    <protocol type="UFC"/>
                    <protocol type="MFC"/>
                    <protocol type="FRAG2"/>
                    <protocol type="RSVP"/>
                </stack>
            </subsystem>
            <subsystem xmlns="urn:jboss:domain:jmx:1.2">
                <expose-resolved-model/>
                <expose-expression-model/>
                <!--<remoting-connector use-management-endpoint="false"/>-->
            </subsystem>
            <subsystem xmlns="urn:jboss:domain:modcluster:1.1">
                <mod-cluster-config advertise-socket="modcluster" connector="ajp">
                    <dynamic-load-provider>
                        <load-metric type="busyness"/>
                    </dynamic-load-provider>
                </mod-cluster-config>
            </subsystem>
            <subsystem xmlns="urn:jboss:domain:naming:1.2">
                <remote-naming/>
            </subsystem>
            <subsystem xmlns="urn:jboss:domain:remoting:1.1">
                <connector name="remoting-connector" socket-binding="remoting" security-realm="ApplicationRealm"/>
            </subsystem>
            <subsystem xmlns="urn:jboss:domain:resource-adapters:1.0"/>
            <subsystem xmlns="urn:jboss:domain:security:1.2">
                <security-domains>
                    <security-domain name="other" cache-type="default">
                        <authentication>
                            <login-module code="Remoting" flag="optional">
                                <module-option name="password-stacking" value="useFirstPass"/>
                            </login-module>
                            <login-module code="RealmDirect" flag="required">
                                <module-option name="password-stacking" value="useFirstPass"/>
                            </login-module>
                        </authentication>
                    </security-domain>
                    <security-domain name="jboss-web-policy" cache-type="default">
                        <authorization>
                            <policy-module code="Delegating" flag="required"/>
                        </authorization>
                    </security-domain>
                    <security-domain name="jboss-ejb-policy" cache-type="default">
                        <authorization>
                            <policy-module code="Delegating" flag="required"/>
                        </authorization>
                    </security-domain>
                </security-domains>
            </subsystem>
            <subsystem xmlns="urn:jboss:domain:transactions:1.2">
                <core-environment>
                    <process-id>
                        <uuid/>
                    </process-id>
                </core-environment>
                <recovery-environment socket-binding="txn-recovery-environment" status-socket-binding="txn-status-manager"/>
                <coordinator-environment default-timeout="300"/>
            </subsystem>
            <subsystem xmlns="urn:jboss:domain:web:1.4" default-virtual-server="default-host" native="false">
                <connector name="http" protocol="HTTP/1.1" scheme="http" socket-binding="http"/>
                <connector name="ajp" protocol="AJP/1.3" scheme="http" socket-binding="ajp"/>
                <virtual-server name="default-host" enable-welcome-root="true">
                    <alias name="localhost"/>
                    <alias name="example.com"/>
                </virtual-server>
            </subsystem>
        </profile>
        <profile name="full">
            <subsystem xmlns="urn:jboss:domain:logging:1.2">
                <console-handler name="CONSOLE">
                    <level name="INFO"/>
                    <formatter>
                        <pattern-formatter pattern="%K{level}%d{HH:mm:ss,SSS} %-5p [%c] (%t) %s%E%n"/>
                    </formatter>
                </console-handler>
                <periodic-rotating-file-handler name="FILE" autoflush="true">
                    <formatter>
                        <pattern-formatter pattern="%d{HH:mm:ss,SSS} %-5p [%c] (%t) %s%E%n"/>
                    </formatter>
                    <file relative-to="jboss.server.log.dir" path="server.log"/>
                    <suffix value=".yyyy-MM-dd"/>
                    <append value="true"/>
                </periodic-rotating-file-handler>
                <logger category="com.arjuna">
                    <level name="WARN"/>
                </logger>
                <logger category="org.apache.tomcat.util.modeler">
                    <level name="WARN"/>
                </logger>
                <logger category="org.jboss.as.config">
                    <level name="DEBUG"/>
                </logger>
                <logger category="sun.rmi">
                    <level name="WARN"/>
                </logger>
                <root-logger>
                    <level name="INFO"/>
                    <handlers>
                        <handler name="CONSOLE"/>
                        <handler name="FILE"/>
                    </handlers>
                </root-logger>
            </subsystem>
            <subsystem xmlns="urn:jboss:domain:ee:1.1">
                <spec-descriptor-property-replacement>false</spec-descriptor-property-replacement>
                <jboss-descriptor-property-replacement>true</jboss-descriptor-property-replacement>
            </subsystem>
            <subsystem xmlns="urn:jboss:domain:infinispan:1.4">
                <cache-container name="web" aliases="standard-session-cache" default-cache="local-web" module="org.jboss.as.clustering.web.infinispan">
                    <local-cache name="local-web" batching="true">
                        <file-store passivation="false" purge="false"/>
                    </local-cache>
                </cache-container>
                <cache-container name="hibernate" default-cache="local-query" module="org.jboss.as.jpa.hibernate:4">
                    <local-cache name="entity">
                        <transaction mode="NON_XA"/>
                        <eviction strategy="LRU" max-entries="10000"/>
                        <expiration max-idle="100000"/>
                    </local-cache>
                    <local-cache name="local-query">
                        <transaction mode="NONE"/>
                        <eviction strategy="LRU" max-entries="10000"/>
                        <expiration max-idle="100000"/>
                    </local-cache>
                    <local-cache name="timestamps">
                        <transaction mode="NONE"/>
                        <eviction strategy="NONE"/>
                    </local-cache>
                </cache-container>
            </subsystem>
            <subsystem xmlns="urn:jboss:domain:jca:1.1">
                <archive-validation enabled="true" fail-on-error="true" fail-on-warn="false"/>
                <bean-validation enabled="true"/>
                <default-workmanager>
                    <short-running-threads>
                        <core-threads count="50"/>
                        <queue-length count="50"/>
                        <max-threads count="50"/>
                        <keepalive-time time="10" unit="seconds"/>
                    </short-running-threads>
                    <long-running-threads>
                        <core-threads count="50"/>
                        <queue-length count="50"/>
                        <max-threads count="50"/>
                        <keepalive-time time="10" unit="seconds"/>
                    </long-running-threads>
                </default-workmanager>
                <cached-connection-manager/>
            </subsystem>
            <subsystem xmlns="urn:jboss:domain:jmx:1.2">
                <expose-resolved-model/>
                <expose-expression-model/>
                <!--<remoting-connector use-management-endpoint="false"/>-->
            </subsystem>
            <subsystem xmlns="urn:jboss:domain:messaging:1.3">
                <hornetq-server>
                    <persistence-enabled>true</persistence-enabled>
                    <journal-file-size>102400</journal-file-size>
                    <journal-min-files>2</journal-min-files>
                    <connectors>
                        <netty-connector name="netty" socket-binding="messaging"/>
                        <netty-connector name="netty-throughput" socket-binding="messaging-throughput">
                            <param key="batch-delay" value="50"/>
                        </netty-connector>
                        <in-vm-connector name="in-vm" server-id="0"/>
                    </connectors>
                    <acceptors>
                        <netty-acceptor name="netty" socket-binding="messaging"/>
                        <netty-acceptor name="netty-throughput" socket-binding="messaging-throughput">
                            <param key="batch-delay" value="50"/>
                            <param key="direct-deliver" value="false"/>
                        </netty-acceptor>
                        <in-vm-acceptor name="in-vm" server-id="0"/>
                    </acceptors>
                    <security-settings>
                        <security-setting match="#">
                            <permission type="send" roles="guest"/>
                            <permission type="consume" roles="guest"/>
                            <permission type="createNonDurableQueue" roles="guest"/>
                            <permission type="deleteNonDurableQueue" roles="guest"/>
                        </security-setting>
                    </security-settings>
                    <address-settings>
                        <!--default for catch all-->
                        <address-setting match="#">
                            <dead-letter-address>jms.queue.DLQ</dead-letter-address>
                            <expiry-address>jms.queue.ExpiryQueue</expiry-address>
                            <redelivery-delay>0</redelivery-delay>
                            <max-size-bytes>10485760</max-size-bytes>
                            <address-full-policy>BLOCK</address-full-policy>
                            <message-counter-history-day-limit>10</message-counter-history-day-limit>
                        </address-setting>
                    </address-settings>
                    <jms-connection-factories>
                        <connection-factory name="InVmConnectionFactory">
                            <connectors>
                                <connector-ref connector-name="in-vm"/>
                            </connectors>
                            <entries>
                                <entry name="java:/ConnectionFactory"/>
                            </entries>
                        </connection-factory>
                        <connection-factory name="RemoteConnectionFactory">
                            <connectors>
                                <connector-ref connector-name="netty"/>
                            </connectors>
                            <entries>
                                <entry name="java:jboss/exported/jms/RemoteConnectionFactory"/>
                            </entries>
                        </connection-factory>
                        <pooled-connection-factory name="hornetq-ra">
                            <transaction mode="xa"/>
                            <connectors>
                                <connector-ref connector-name="in-vm"/>
                            </connectors>
                            <entries>
                                <entry name="java:/JmsXA"/>
                            </entries>
                        </pooled-connection-factory>
                    </jms-connection-factories>
                </hornetq-server>
            </subsystem>
            <subsystem xmlns="urn:jboss:domain:naming:1.2">
                <remote-naming/>
            </subsystem>
            <subsystem xmlns="urn:jboss:domain:remoting:1.1">
                <connector name="remoting-connector" socket-binding="remoting" security-realm="ApplicationRealm"/>
            </subsystem>
            <subsystem xmlns="urn:jboss:domain:resource-adapters:1.0"/>
            <subsystem xmlns="urn:jboss:domain:security:1.2">
                <security-domains>
                    <security-domain name="other" cache-type="default">
                        <authentication>
                            <login-module code="Remoting" flag="optional">
                                <module-option name="password-stacking" value="useFirstPass"/>
                            </login-module>
                            <login-module code="RealmDirect" flag="required">
                                <module-option name="password-stacking" value="useFirstPass"/>
                            </login-module>
                        </authentication>
                    </security-domain>
                    <security-domain name="jboss-web-policy" cache-type="default">
                        <authorization>
                            <policy-module code="Delegating" flag="required"/>
                        </authorization>
                    </security-domain>
                    <security-domain name="jboss-ejb-policy" cache-type="default">
                        <authorization>
                            <policy-module code="Delegating" flag="required"/>
                        </authorization>
                    </security-domain>
                </security-domains>
            </subsystem>
            <subsystem xmlns="urn:jboss:domain:transactions:1.2">
                <core-environment>
                    <process-id>
                        <uuid/>
                    </process-id>
                </core-environment>
                <recovery-environment socket-binding="txn-recovery-environment" status-socket-binding="txn-status-manager"/>
                <coordinator-environment default-timeout="300"/>
            </subsystem>
            <subsystem xmlns="urn:jboss:domain:web:1.4" default-virtual-server="default-host" native="false">
                <connector name="http" protocol="HTTP/1.1" scheme="http" socket-binding="http"/>
                <virtual-server name="default-host" enable-welcome-root="true">
                    <alias name="localhost"/>
                    <alias name="example.com"/>
                </virtual-server>
            </subsystem>
        </profile>
        <profile name="full-ha">
            <subsystem xmlns="urn:jboss:domain:logging:1.2">
                <console-handler name="CONSOLE">
                    <level name="INFO"/>
                    <formatter>
                        <pattern-formatter pattern="%K{level}%d{HH:mm:ss,SSS} %-5p [%c] (%t) %s%E%n"/>
                    </formatter>
                </console-handler>
                <periodic-rotating-file-handler name="FILE" autoflush="true">
                    <formatter>
                        <pattern-formatter pattern="%d{HH:mm:ss,SSS} %-5p [%c] (%t) %s%E%n"/>
                    </formatter>
                    <file relative-to="jboss.server.log.dir" path="server.log"/>
                    <suffix value=".yyyy-MM-dd"/>
                    <append value="true"/>
                </periodic-rotating-file-handler>
                <logger category="com.arjuna">
                    <level name="WARN"/>
                </logger>
                <logger category="org.apache.tomcat.util.modeler">
                    <level name="WARN"/>
                </logger>
                <logger category="org.jboss.as.config">
                    <level name="DEBUG"/>
                </logger>
                <logger category="sun.rmi">
                    <level name="WARN"/>
                </logger>
                <root-logger>
                    <level name="INFO"/>
                    <handlers>
                        <handler name="CONSOLE"/>
                        <handler name="FILE"/>
                    </handlers>
                </root-logger>
            </subsystem>
            <subsystem xmlns="urn:jboss:domain:ee:1.1">
                <spec-descriptor-property-replacement>false</spec-descriptor-property-replacement>
                <jboss-descriptor-property-replacement>true</jboss-descriptor-property-replacement>
            </subsystem>
            <subsystem xmlns="urn:jboss:domain:infinispan:1.4">
                <cache-container name="singleton" aliases="cluster ha-partition" default-cache="default">
                    <transport lock-timeout="60000"/>
                    <replicated-cache name="default" mode="SYNC" batching="true">
                        <locking isolation="REPEATABLE_READ"/>
                    </replicated-cache>
                </cache-container>
                <cache-container name="web" aliases="standard-session-cache" default-cache="repl" module="org.jboss.as.clustering.web.infinispan">
                    <transport lock-timeout="60000"/>
                    <replicated-cache name="repl" mode="ASYNC" batching="true">
                        <file-store/>
                    </replicated-cache>
                    <replicated-cache name="sso" mode="SYNC" batching="true"/>
                    <distributed-cache name="dist" mode="ASYNC" batching="true" l1-lifespan="0">
                        <file-store/>
                    </distributed-cache>
                </cache-container>
                <cache-container name="ejb" aliases="sfsb sfsb-cache" default-cache="repl" module="org.jboss.as.clustering.ejb3.infinispan">
                    <transport lock-timeout="60000"/>
                    <replicated-cache name="repl" mode="ASYNC" batching="true">
                        <eviction strategy="LRU" max-entries="10000"/>
                        <file-store/>
                    </replicated-cache>
                    <!--
                      ~  Clustered cache used internally by EJB subsytem for managing the client-mapping(s) of
                      ~                 the socketbinding referenced by the EJB remoting connector 
                      -->
                    <replicated-cache name="remote-connector-client-mappings" mode="SYNC" batching="true"/>
                    <distributed-cache name="dist" mode="ASYNC" batching="true" l1-lifespan="0">
                        <eviction strategy="LRU" max-entries="10000"/>
                        <file-store/>
                    </distributed-cache>
                </cache-container>
                <cache-container name="hibernate" default-cache="local-query" module="org.jboss.as.jpa.hibernate:4">
                    <transport lock-timeout="60000"/>
                    <local-cache name="local-query">
                        <transaction mode="NONE"/>
                        <eviction strategy="LRU" max-entries="10000"/>
                        <expiration max-idle="100000"/>
                    </local-cache>
                    <invalidation-cache name="entity" mode="SYNC">
                        <transaction mode="NON_XA"/>
                        <eviction strategy="LRU" max-entries="10000"/>
                        <expiration max-idle="100000"/>
                    </invalidation-cache>
                    <replicated-cache name="timestamps" mode="ASYNC">
                        <transaction mode="NONE"/>
                        <eviction strategy="NONE"/>
                    </replicated-cache>
                </cache-container>
            </subsystem>
            <subsystem xmlns="urn:jboss:domain:jca:1.1">
                <archive-validation enabled="true" fail-on-error="true" fail-on-warn="false"/>
                <bean-validation enabled="true"/>
                <default-workmanager>
                    <short-running-threads>
                        <core-threads count="50"/>
                        <queue-length count="50"/>
                        <max-threads count="50"/>
                        <keepalive-time time="10" unit="seconds"/>
                    </short-running-threads>
                    <long-running-threads>
                        <core-threads count="50"/>
                        <queue-length count="50"/>
                        <max-threads count="50"/>
                        <keepalive-time time="10" unit="seconds"/>
                    </long-running-threads>
                </default-workmanager>
                <cached-connection-manager/>
            </subsystem>
            <subsystem xmlns="urn:jboss:domain:jgroups:1.1" default-stack="udp">
                <stack name="udp">
                    <transport type="UDP" socket-binding="jgroups-udp"/>
                    <protocol type="PING"/>
                    <protocol type="MERGE3"/>
                    <protocol type="FD_SOCK" socket-binding="jgroups-udp-fd"/>
                    <protocol type="FD"/>
                    <protocol type="VERIFY_SUSPECT"/>
                    <protocol type="pbcast.NAKACK2"/>
                    <protocol type="UNICAST2"/>
                    <protocol type="pbcast.STABLE"/>
                    <protocol type="pbcast.GMS"/>
                    <protocol type="UFC"/>
                    <protocol type="MFC"/>
                    <protocol type="FRAG2"/>
                    <protocol type="RSVP"/>
                </stack>
                <stack name="tcp">
                    <transport type="TCP" socket-binding="jgroups-tcp"/>
                    <protocol type="MPING" socket-binding="jgroups-mping"/>
                    <protocol type="MERGE2"/>
                    <protocol type="FD_SOCK" socket-binding="jgroups-tcp-fd"/>
                    <protocol type="FD"/>
                    <protocol type="VERIFY_SUSPECT"/>
                    <protocol type="pbcast.NAKACK2"/>
                    <protocol type="UNICAST2"/>
                    <protocol type="pbcast.STABLE"/>
                    <protocol type="pbcast.GMS"/>
                    <protocol type="UFC"/>
                    <protocol type="MFC"/>
                    <protocol type="FRAG2"/>
                    <protocol type="RSVP"/>
                </stack>
            </subsystem>
            <subsystem xmlns="urn:jboss:domain:jmx:1.2">
                <expose-resolved-model/>
                <expose-expression-model/>
                <!--<remoting-connector use-management-endpoint="false"/>-->
            </subsystem>
            <subsystem xmlns="urn:jboss:domain:messaging:1.3">
                <hornetq-server>
                    <cluster-password>${jboss.messaging.cluster.password:CHANGE ME!!}</cluster-password>
                    <persistence-enabled>true</persistence-enabled>
                    <journal-file-size>102400</journal-file-size>
                    <journal-min-files>2</journal-min-files>
                    <connectors>
                        <netty-connector name="netty" socket-binding="messaging"/>
                        <netty-connector name="netty-throughput" socket-binding="messaging-throughput">
                            <param key="batch-delay" value="50"/>
                        </netty-connector>
                        <in-vm-connector name="in-vm" server-id="0"/>
                    </connectors>
                    <acceptors>
                        <netty-acceptor name="netty" socket-binding="messaging"/>
                        <netty-acceptor name="netty-throughput" socket-binding="messaging-throughput">
                            <param key="batch-delay" value="50"/>
                            <param key="direct-deliver" value="false"/>
                        </netty-acceptor>
                        <in-vm-acceptor name="in-vm" server-id="0"/>
                    </acceptors>
                    <broadcast-groups>
                        <broadcast-group name="bg-group1">
                            <socket-binding>messaging-group</socket-binding>
                            <broadcast-period>5000</broadcast-period>
                            <connector-ref>netty</connector-ref>
                        </broadcast-group>
                    </broadcast-groups>
                    <discovery-groups>
                        <discovery-group name="dg-group1">
                            <socket-binding>messaging-group</socket-binding>
                            <refresh-timeout>10000</refresh-timeout>
                        </discovery-group>
                    </discovery-groups>
                    <cluster-connections>
                        <cluster-connection name="my-cluster">
                            <address>jms</address>
                            <connector-ref>netty</connector-ref>
                            <discovery-group-ref discovery-group-name="dg-group1"/>
                        </cluster-connection>
                    </cluster-connections>
                    <security-settings>
                        <security-setting match="#">
                            <permission type="send" roles="guest"/>
                            <permission type="consume" roles="guest"/>
                            <permission type="createNonDurableQueue" roles="guest"/>
                            <permission type="deleteNonDurableQueue" roles="guest"/>
                        </security-setting>
                    </security-settings>
                    <address-settings>
                        <!--default for catch all-->
                        <address-setting match="#">
                            <dead-letter-address>jms.queue.DLQ</dead-letter-address>
                            <expiry-address>jms.queue.ExpiryQueue</expiry-address>
                            <redelivery-delay>0</redelivery-delay>
                            <redistribution-delay>1000</redistribution-delay>
                            <max-size-bytes>10485760</max-size-bytes>
                            <address-full-policy>BLOCK</address-full-policy>
                            <message-counter-history-day-limit>10</message-counter-history-day-limit>
                        </address-setting>
                    </address-settings>
                    <jms-connection-factories>
                        <connection-factory name="InVmConnectionFactory">
                            <connectors>
                                <connector-ref connector-name="in-vm"/>
                            </connectors>
                            <entries>
                                <entry name="java:/ConnectionFactory"/>
                            </entries>
                        </connection-factory>
                        <connection-factory name="RemoteConnectionFactory">
                            <connectors>
                                <connector-ref connector-name="netty"/>
                            </connectors>
                            <entries>
                                <entry name="java:jboss/exported/jms/RemoteConnectionFactory"/>
                            </entries>
                        </connection-factory>
                        <pooled-connection-factory name="hornetq-ra">
                            <transaction mode="xa"/>
                            <connectors>
                                <connector-ref connector-name="in-vm"/>
                            </connectors>
                            <entries>
                                <entry name="java:/JmsXA"/>
                            </entries>
                        </pooled-connection-factory>
                    </jms-connection-factories>
                </hornetq-server>
            </subsystem>
            <subsystem xmlns="urn:jboss:domain:modcluster:1.1">
                <mod-cluster-config advertise-socket="modcluster" connector="ajp">
                    <dynamic-load-provider>
                        <load-metric type="busyness"/>
                    </dynamic-load-provider>
                </mod-cluster-config>
            </subsystem>
            <subsystem xmlns="urn:jboss:domain:naming:1.2">
                <remote-naming/>
            </subsystem>
            <subsystem xmlns="urn:jboss:domain:remoting:1.1">
                <connector name="remoting-connector" socket-binding="remoting" security-realm="ApplicationRealm"/>
            </subsystem>
            <subsystem xmlns="urn:jboss:domain:resource-adapters:1.0"/>
            <subsystem xmlns="urn:jboss:domain:security:1.2">
                <security-domains>
                    <security-domain name="other" cache-type="default">
                        <authentication>
                            <login-module code="Remoting" flag="optional">
                                <module-option name="password-stacking" value="useFirstPass"/>
                            </login-module>
                            <login-module code="RealmDirect" flag="required">
                                <module-option name="password-stacking" value="useFirstPass"/>
                            </login-module>
                        </authentication>
                    </security-domain>
                    <security-domain name="jboss-web-policy" cache-type="default">
                        <authorization>
                            <policy-module code="Delegating" flag="required"/>
                        </authorization>
                    </security-domain>
                    <security-domain name="jboss-ejb-policy" cache-type="default">
                        <authorization>
                            <policy-module code="Delegating" flag="required"/>
                        </authorization>
                    </security-domain>
                </security-domains>
            </subsystem>
            <subsystem xmlns="urn:jboss:domain:transactions:1.2">
                <core-environment>
                    <process-id>
                        <uuid/>
                    </process-id>
                </core-environment>
                <recovery-environment socket-binding="txn-recovery-environment" status-socket-binding="txn-status-manager"/>
                <coordinator-environment default-timeout="300"/>
            </subsystem>
            <subsystem xmlns="urn:jboss:domain:web:1.4" default-virtual-server="default-host" native="false">
                <connector name="http" protocol="HTTP/1.1" scheme="http" socket-binding="http"/>
                <connector name="ajp" protocol="AJP/1.3" scheme="http" socket-binding="ajp"/>
                <virtual-server name="default-host" enable-welcome-root="true">
                    <alias name="localhost"/>
                    <alias name="example.com"/>
                </virtual-server>
            </subsystem>
        </profile>
    </profiles>
    <!--
      ~ 
      ~          Named interfaces that can be referenced elsewhere in the configuration. The configuration
      ~          for how to associate these logical names with an actual network interface can either
      ~          be specified here or can be declared on a per-host basis in the equivalent element in host.xml.
      ~ 
      ~          These default configurations require the binding specification to be done in host.xml.
      ~     
      -->
    <interfaces>
        <interface name="management"/>
        <interface name="public"/>
        <interface name="unsecure"/>
    </interfaces>
    <socket-binding-groups>
        <socket-binding-group name="standard-sockets" default-interface="public">
            <!-- Needed for server groups using the 'default' profile  -->
            <socket-binding name="ajp" port="8009"/>
            <socket-binding name="http" port="8080"/>
            <socket-binding name="https" port="8443"/>
            <socket-binding name="remoting" port="4447"/>
            <socket-binding name="txn-recovery-environment" port="4712"/>
            <socket-binding name="txn-status-manager" port="4713"/>
        </socket-binding-group>
        <socket-binding-group name="ha-sockets" default-interface="public">
            <!-- Needed for server groups using the 'ha' profile  -->
            <socket-binding name="ajp" port="8009"/>
            <socket-binding name="http" port="8080"/>
            <socket-binding name="https" port="8443"/>
            <socket-binding name="jgroups-mping" port="0" multicast-address="${jboss.default.multicast.address:230.0.0.4}" multicast-port="45700"/>
            <socket-binding name="jgroups-tcp" port="7600"/>
            <socket-binding name="jgroups-tcp-fd" port="57600"/>
            <socket-binding name="jgroups-udp" port="55200" multicast-address="${jboss.default.multicast.address:230.0.0.4}" multicast-port="45688"/>
            <socket-binding name="jgroups-udp-fd" port="54200"/>
            <socket-binding name="modcluster" port="0" multicast-address="224.0.1.105" multicast-port="23364"/>
            <socket-binding name="remoting" port="4447"/>
            <socket-binding name="txn-recovery-environment" port="4712"/>
            <socket-binding name="txn-status-manager" port="4713"/>
        </socket-binding-group>
        <socket-binding-group name="full-sockets" default-interface="public">
            <!-- Needed for server groups using the 'full' profile  -->
            <socket-binding name="ajp" port="8009"/>
            <socket-binding name="http" port="8080"/>
            <socket-binding name="https" port="8443"/>
            <socket-binding name="messaging" port="5445"/>
            <socket-binding name="messaging-group" port="0" multicast-address="${jboss.messaging.group.address:231.7.7.7}" multicast-port="${jboss.messaging.group.port:9876}"/>
            <socket-binding name="messaging-throughput" port="5455"/>
            <socket-binding name="remoting" port="4447"/>
            <socket-binding name="txn-recovery-environment" port="4712"/>
            <socket-binding name="txn-status-manager" port="4713"/>
        </socket-binding-group>
        <socket-binding-group name="full-ha-sockets" default-interface="public">
            <!-- Needed for server groups using the 'full-ha' profile  -->
            <socket-binding name="ajp" port="8009"/>
            <socket-binding name="http" port="8080"/>
            <socket-binding name="https" port="8443"/>
            <socket-binding name="jgroups-mping" port="0" multicast-address="${jboss.default.multicast.address:230.0.0.4}" multicast-port="45700"/>
            <socket-binding name="jgroups-tcp" port="7600"/>
            <socket-binding name="jgroups-tcp-fd" port="57600"/>
            <socket-binding name="jgroups-udp" port="55200" multicast-address="${jboss.default.multicast.address:230.0.0.4}" multicast-port="45688"/>
            <socket-binding name="jgroups-udp-fd" port="54200"/>
            <socket-binding name="messaging" port="5445"/>
            <socket-binding name="messaging-group" port="0" multicast-address="${jboss.messaging.group.address:231.7.7.7}" multicast-port="${jboss.messaging.group.port:9876}"/>
            <socket-binding name="messaging-throughput" port="5455"/>
            <socket-binding name="modcluster" port="0" multicast-address="224.0.1.105" multicast-port="23364"/>
            <socket-binding name="remoting" port="4447"/>
            <socket-binding name="txn-recovery-environment" port="4712"/>
            <socket-binding name="txn-status-manager" port="4713"/>
        </socket-binding-group>
    </socket-binding-groups>
    <server-groups>
        <server-group name="main-server-group" profile="full">
            <jvm name="default">
                <heap size="64m" max-size="512m"/>
            </jvm>
            <socket-binding-group ref="full-sockets"/>
        </server-group>
        <server-group name="other-server-group" profile="full-ha">
            <jvm name="default">
                <heap size="64m" max-size="512m"/>
            </jvm>
            <socket-binding-group ref="full-ha-sockets"/>
        </server-group>
    </server-groups>
</domain>