<?xml version="1.0" encoding="UTF-8"?>

<!--
  ~ JBoss, Home of Professional Open Source.
  ~ Copyright 2010, Red Hat, Inc., and individual contributors
  ~ as indicated by the @author tags. See the copyright.txt file in the
  ~ distribution for a full listing of individual contributors.
  ~
  ~ This is free software; you can redistribute it and/or modify it
  ~ under the terms of the GNU Lesser General Public License as
  ~ published by the Free Software Foundation; either version 2.1 of
  ~ the License, or (at your option) any later version.
  ~
  ~ This software is distributed in the hope that it will be useful,
  ~ but WITHOUT ANY WARRANTY; without even the implied warranty of
  ~ MERCHANTABILITY or FITNESS FOR A PARTICULAR PURPOSE. See the GNU
  ~ Lesser General Public License for more details.
  ~
  ~ You should have received a copy of the GNU Lesser General Public
  ~ License along with this software; if not, write to the Free
  ~ Software Foundation, Inc., 51 Franklin St, Fifth Floor, Boston, MA
  ~ 02110-1301 USA, or see the FSF site: http://www.fsf.org.
  -->

<module xmlns="urn:jboss:module:1.0" name="org.immutant.core">

    <resources>
        <resource-root path="immutant-core-module.jar"/>
        <resource-root path="shimdandy-api.jar"/>
        <resource-root path="dynapath.jar"/>
        <resource-root path="clj-stacktrace.jar"/>
        <resource-root path="tools.nrepl.jar"/>
        <resource-root path="clojure-complete.jar"/>
    </resources>

    <exports>
      <include-set>
        <path name="immutant/**"/>
      </include-set>
    </exports>

    <dependencies>
        <module name="org.immutant.common"/>
        <module name="org.immutant.bootstrap">
          <imports>
            <include path="org/immutant/bootstrap"/>
            <exclude path="/**"/>
          </imports>
        </module>
        <module name="javax.api"/>
        <module name="javax.servlet.api"/>
        <module name="org.jboss.staxmapper"/>
        <module name="org.jboss.as.controller"/>
        <module name="org.jboss.as.ee"/>
        <module name="org.jboss.as.jmx"/>
        <module name="org.jboss.as.server"/>
        <module name="org.jboss.as.clustering.jgroups"/>
        <module name="org.jboss.modules"/>
        <module name="org.jboss.msc"/>
        <module name="org.jboss.logging"/>
        <module name="org.jboss.vfs"/>
        <module name="org.jboss.metadata"/>
        <module name="sun.jdk"/>
        <module name="org.projectodd.polyglot.core"/>
    </dependencies>
</module>

