<?xml version="1.0" encoding="UTF-8"?>

<!--
  ~ JBoss, Home of Professional Open Source.
  ~ Copyright 2010, Red Hat, Inc., and individual contributors
  ~ as indicated by the @author tags. See the copyright.txt file in the
  ~ distribution for a full listing of individual contributors.
  ~
  ~ This is free software; you can redistribute it and/or modify it
  ~ under the terms of the GNU Lesser General Public License as
  ~ published by the Free Software Foundation; either version 2.1 of
  ~ the License, or (at your option) any later version.
  ~
  ~ This software is distributed in the hope that it will be useful,
  ~ but WITHOUT ANY WARRANTY; without even the implied warranty of
  ~ MERCHANTABILITY or FITNESS FOR A PARTICULAR PURPOSE. See the GNU
  ~ Lesser General Public License for more details.
  ~
  ~ You should have received a copy of the GNU Lesser General Public
  ~ License along with this software; if not, write to the Free
  ~ Software Foundation, Inc., 51 Franklin St, Fifth Floor, Boston, MA
  ~ 02110-1301 USA, or see the FSF site: http://www.fsf.org.
  -->

<module xmlns="urn:jboss:module:1.0" name="org.immutant.web">

    <resources>
        <resource-root path="immutant-web-module.jar"/>
        <resource-root path="clj-time.jar"/>
        <!-- we should be able to use the included module for these, but clojure
             can't seem to find it if we do that -->
        <resource-root path="commons-codec.jar"/> 
        <resource-root path="joda-time.jar"/> 

        <resource-root path="ring-core.jar"/>
        <resource-root path="ring-servlet.jar"/>
        <resource-root path="ring-devel.jar"/>
        <resource-root path="ring-codec.jar"/>
        <resource-root path="ns-tracker.jar"/>
        <resource-root path="tools.namespace.jar"/>
        <resource-root path="java.classpath.jar"/>
        <resource-root path="hiccup.jar"/>
    </resources>

    <dependencies>
        <module name="javax.api"/>
        <module name="javax.servlet.api"/>
        <module name="org.jboss.as.clustering.jgroups"/>
        <module name="org.jboss.as.controller"/>
        <module name="org.jboss.as.ee"/>
        <module name="org.jboss.as.server"/>
        <module name="org.jboss.as.web"/>
        <module name="org.jboss.logging"/>
        <module name="org.jboss.metadata"/>
        <module name="org.jboss.modules"/>
        <module name="org.jboss.msc"/>
        <module name="org.jboss.staxmapper"/>
        <module name="org.jboss.vfs"/>
        <module name="org.immutant.core"/>
        <module name="org.projectodd.polyglot.core"/>
        <module name="org.projectodd.polyglot.web"/>
    </dependencies>
</module>

